No.,Image Name,Serial,Model,Elapsed Time
1,image_01AAAA9T.jpg,N/A,GZRNL,12.15911102
2,image_14092023080443.jpg,23161HFDD5C1T6,GZRNL,12.02858973
3,image_14092023063956.jpg,23171HFAK6EBV2,G9N9N,5.112380266
4,image_01AAABHF.jpg,27221HFGN1SDB4,GZRNL,12.82005906
5,image_14092023091858.jpg,29221HFDD7TE6P,GZRNL,12.58131671
6,image_01AAABG9.jpg,29291HFGN34QDR,GZRNL,13.61232138
7,image_01AAABA8.jpg,16041HFDD284UC,GZRNL,12.35971189
8,image_01AAABCX.jpg,28051HFAK8F57G,G9N9N,4.661590576
9,image_01AAAAWW.jpg,27271HFDD78YF9,GZRNL,12.29622507
10,image_01AAABJP.jpg,23051HFAK6ADLA,G9N9N,4.978794575
11,image_01AAAA88.jpg,27041HFDD70SDV,GZRNL,12.98365855
12,image_01AAAAVS.jpg,26091HFDD678PS,GZRNL,13.15378857
13,image_01AAAA8L.jpg,22161HFAK64JN8,G9N9N,4.781981468
14,image_01AAABB0.jpg,29081HFGN2H5ZP,GZRNL,12.35981631
15,image_14092023144857.jpg,22031HFDD4G8YY,GZRNL,12.70883369
16,image_14092023145411.jpg,29031HFAK8XIAA,G9N9N,4.717701674
17,image_01AAAAZV.jpg,24221QUH1005RS,G9N9N,4.578640223
18,image_01AAABBG.jpg,28121HFGN23C4U,GZRNL,13.16914821
19,image_01AAABEJ.jpg,2A271QUH1C00X6,G9N9N,3.27758193
20,image_01AAAA8Y.jpg,27111HFDD6ZCFF,GZRNL,15.06166744
21,image_01AAAAT8.jpg,12241HFDD1RCER,GZRNL,12.50929451
22,image_01AAAAZ2.jpg,28091HFAK8174U,G9N9N,5.946065187
23,image_01AAABIP.jpg,27081HFAK7Z3HT,G9N9N,4.657116413
24,image_01AAABEF.jpg,N/A,G9N9N,0.8480460644
25,image_01AAAA5R.jpg,29241HFGN31QDA,GZRNL,12.28993487
26,image_14092023064306.jpg,25281HFDD6BX8S,GZRNL,14.16240001
27,image_01AAABDS.jpg,28261HFAK8SZ0D,G9N9N,3.827649832
28,image_14092023112845.jpg,3129HT002IE,GJ2CQ,20.81202984
29,image_01AAAA6Z.jpg,29201HFGN2ZCM7,GZRNL,12.61087132
30,image_01AAABKZ.jpg,27221HFGN1S9B3,GZRNL,12.54954481
31,image_14092023062059.jpg,26241HFDD6LQJP,GZRNL,13.39846635
32,image_14092023110006.jpg,2a191hfdl1zym5,GXCA6,9.441625118
33,image_14092023063856.jpg,N/A,G9N9N,5.349985361
34,image_01AAABIQ.jpg,27211HFGN1RS95,GZRNL,13.94778061
35,image_01AAAA9R.jpg,29171HFGN2YEJZ,GZRNL,12.60519338
36,image_01AAABL3.jpg,28121HFGN23BCZ,GZRNL,12.94921708
37,image_01AAABGC.jpg,28031HFAK8E3AC,G9N9N,4.751554966
38,image_01AAAA24.jpg,29171HFGN2YGP2,GZRNL,13.58952308
39,image_14092023104856.jpg,N/A,G9N9N,2.087407112
40,image_01AAABJI.jpg,27221HFGN1SB2S,GZRNL,12.49356747
41,image_01AAAAVO.jpg,27071HFDD71DAD,GZRNL,12.51134562
42,image_01AAABMK.jpg,29011HFGN2DMA1,GZRNL,14.00874877
43,image_01AAAAXK.jpg,28251HFAK8RLQ8,G9N9N,4.406411409
44,image_01AAABCS.jpg,29081HFGN2TGXD,GZRNL,12.38486838
45,image_01AAABK6.jpg,28221HFAK8PLRY,G9N9N,3.871913195
46,image_14092023085458.jpg,17201HFDD2Z0CM,GZRNL,12.68615556
47,image_01AAABJK.jpg,27261HFGN1UMXP,GZRNL,13.03761601
48,image_14092023085237.jpg,21201HFDD4DK3U,GZRNL,11.96009469
49,image_14092023151635.jpg,27141HFDD6YA1B,GZRNL,12.93952394
50,image_01AAAA65.jpg,26211HFGN0YHST,GZRNL,12.20290685
51,image_01AAABAB.jpg,2A011HFGN35XNA,GZRNL,13.2678535
52,image_01AAABIJ.jpg,21211HFAK5V2A6,G9N9N,4.532387495
53,image_14092023090830.jpg,19291HFAK4EGCW,G9N9N,4.567670345
54,image_01AAABAT.jpg,29301QUH1101DM,G9N9N,4.625217676
55,image_14092023110829.jpg,3129HT002IE,GJ2CQ,20.55323958
56,image_01AAABC8.jpg,28101HFGN229TV,GZRNL,12.74693227
57,image_14092023063711.jpg,13271HFDD1J7XW,GZRNL,12.36677742
58,image_01AAABGG.jpg,2A011HFAK972EU,G9N9N,5.410049438
59,image_01AAABKA.jpg,N/A,GZRNL,11.92932725
60,image_01AAAA1R.jpg,28151HFAK8L6T5,G9N9N,5.093069553
61,image_01AAABG4.jpg,29081HFGN2H501,GZRNL,13.89678144
62,image_01AAAATT.jpg,28161HFAK8M58E,G9N9N,5.222746611
63,image_01AAAA2A.jpg,29171HFGN2YAT5,GZRNL,13.42412066
64,image_14092023094021.jpg,25211HFAK73T91,G9N9N,3.678875208
65,image_01AAAA46.jpg,28061HFAK8GAQP,G9N9N,5.233194351
66,image_14092023075806.jpg,22021HFDD4TUT4,GZRNL,14.71704149
67,image_14092023085026.jpg,21061HFAK5PONK,G9N9N,4.854275703
68,image_14092023145546.jpg,25241HFAK75AH4,G9N9N,4.912538528
69,image_14092023094247.jpg,26281HFAK7TY4J,G9N9N,3.664446592
70,image_01AAAA3M.jpg,26041QUH1002X6,G9N9N,4.264473438
71,image_01AAAAWS.jpg,25191HFDD5NLNM,GZRNL,12.33815455
72,image_01AAABB6.jpg,27221HFGN1SE84,GZRNL,12.10347223
73,image_01AAAA09.jpg,28201QUH11054K,G9N9N,4.340005159
74,image_14092023074718.jpg,2A101HFDD7X1QX,GZRNL,12.00377178
75,image_01AAAAX7.jpg,3129HT002IE,GJ2CQ,19.78007698
76,image_01AAABG3.jpg,25041QUH1102F4,G9N9N,5.365424871
77,image_01AAABBR.jpg,28201HFAK805DO,G9N9N,4.712113857
78,image_14092023083545.jpg,28271HFAK8TNQ7,G9N9N,4.872269392
79,image_01AAAAW0.jpg,26241HFDD6KLZQ,GZRNL,13.24529076
80,image_14092023145002.jpg,27121HFDD73UWY,GZRNL,12.16607332
81,image_01AAAA8V.jpg,27131HFAK81W4N,G9N9N,4.452500582
82,image_01AAABLG.jpg,28241HFGN297CR,GZRNL,13.21469474
83,image_14092023080027.jpg,17221HFDD38RNA,GZRNL,12.2508707
84,image_14092023084256.jpg,23071HFAK6AP43,G9N9N,5.599805117
85,image_01AAABAV.jpg,21261HFAK5WU25,G9N9N,4.723983049
86,image_14092023094501.jpg,29151HFDD7FF95,GZRNL,11.97941709
87,image_01AAABHG.jpg,28231HFAK8PV3S,G9N9N,4.230951309
88,image_14092023103025.jpg,28191QUH1003CU,G9N9N,4.875566244
89,image_14092023102058.jpg,27041HFDD75P8B,GZRNL,11.94351244
90,image_14092023065915.jpg,22071HFAK60ZKR,G9N9N,4.785492897
91,image_14092023101728.jpg,1C181HFAK5IPOV,G9N9N,6.186832666
92,image_01AAABF8.jpg,2A181HFAK9CAJ7,G9N9N,3.51297307
93,image_01AAAAX9.jpg,27261HFDD79S8U,GZRNL,12.09406519
94,image_01AAAA69.jpg,29281HFGN33M16,GZRNL,13.13999891
95,image_14092023150202.jpg,27041HFDD7A8EW,GZRNL,12.15942669
96,image_01AAAA8R.jpg,25211HFAK73G6G,G9N9N,5.502616405
97,image_01AAABKB.jpg,28021HFAK8DJO6,G9N9N,3.2911973
98,image_01AAABFI.jpg,2B031HFDD83FG0,GZRNL,11.91078997
99,image_01AAABAL.jpg,27111HFAK8119R,G9N9N,5.890841246
100,image_01AAAA0F.jpg,29201HFGN2ZC7U,GZRNL,12.11062503
101,image_01AAAAR9.jpg,25061QUH1000CZ,G9N9N,4.082794189
102,image_01AAABGE.jpg,29011HFAK8WBJS,G9N9N,4.435871601
103,image_01AAABEN.jpg,28241HFGN29BT6,GZRNL,13.42772031
104,image_01AAAA9F.jpg,25301HFDD6CKTL,GZRNL,12.1290381
105,image_01AAAA29.jpg,27111HFDD730WM,GZRNL,13.4544034
106,image_14092023084516.jpg,21061HFAK5PIU5,G9N9N,4.973448038
107,image_01AAABBO.jpg,29081HFGN2TGX2,GZRNL,13.78792
108,image_14092023074611.jpg,21201HFDD4W39T,GZRNL,14.03346109
109,image_01AAAAST.jpg,28151HFAK8L9ON,G9N9N,6.299557924
110,image_01AAAAZA.jpg,22171HFDD5AYG3,GZRNL,13.34751105
111,image_01AAABIZ.jpg,27181HFAK843V3,G9N9N,4.780436277
112,image_01AAABBK.jpg,28241HFGN295KA,GZRNL,13.11511374
113,image_14092023084739.jpg,27161HFAK83MHH,G9N9N,4.837216616
114,image_01AAAAWJ.jpg,26251HFAK7RGO9,G9N9N,4.965033531
115,image_01AAAAWB.jpg,27201HFAK85XPG,G9N9N,6.226192474
116,image_01AAAA7M.jpg,25231HFAK74PFX,G9N9N,6.125126362
117,image_01AAAA5Z.jpg,2A141HFGN3BQ6P,GZRNL,12.69693375
118,image_14092023091131.jpg,09181HFDD0JUET,GZRNL,14.42729688
119,image_14092023105751.jpg,2a191hfdl1zym5,GXCA6,9.381219625
120,image_01AAABIT.jpg,N/A,G9N9N,1.992484093
121,image_01AAABBJ.jpg,28151HFAK8KLCB,G9N9N,5.732239008
122,image_01AAABJ9.jpg,N/A,GZRNL,14.99334359
123,image_01AAAA0D.jpg,29141HFGN2W78F,GZRNL,12.77363539
124,image_14092023061153.jpg,26231HFDD6P4FA,GZRNL,13.59316325
125,image_01AAAAT9.jpg,28251HFGN29HRD,GZRNL,12.80635953
126,image_01AAAA0O.jpg,N/A,G9N9N,6.648107529
127,image_01AAAAWR.jpg,21131HFAK5RDYB,G9N9N,6.122151136
128,image_01AAAA2U.jpg,29201HFGN2ZDA4,GZRNL,12.73844099
129,image_01AAAAT3.jpg,N/A,N/A,1.00E-05
130,image_14092023085639.jpg,23071HFAK6AOYI,G9N9N,5.004911423
131,image_01AAABFR.jpg,2B031HFDD87SVC,GZRNL,14.71993041
132,image_01AAAAUM.jpg,26271HFGN11MN9,GZRNL,12.62454343
133,image_01AAABFB.jpg,24161QUH1001YZ,G9N9N,5.204082966
134,image_14092023062527.jpg,27091HFDD71H0E,GZRNL,12.73938632
135,image_01AAAA5J.jpg,29231HFGN315EJ,GZRNL,14.21979523
136,image_01AAAA58.jpg,N/A,G9N9N,1.818036795
137,image_01AAABMH.jpg,N/A,N/A,1.07E-05
138,image_01AAAA6R.jpg,29211HFGN304CQ,GZRNL,12.23028064
139,image_01AAABGA.jpg,2A271QUH1C023R,G9N9N,5.335041046
140,image_01AAAAY1.jpg,28261HFAK8SBVH,G9N9N,5.718899727
141,image_01AAAA7S.jpg,25241HFAK75EIQ,G9N9N,4.67933917
142,image_14092023104731.jpg,27121HFDD6Z4F2,GZRNL,12.24023771
143,image_14092023083506.jpg,29051HFDD7BMGH,GZRNL,12.97302985
144,image_14092023085544.jpg,1C181HFAK5IPE7,G9N9N,4.576077938
145,image_14092023085048.jpg,21201HFDD4JL31,GZRNL,13.65215516
146,image_14092023061626.jpg,26091HFDD6FN9X,GZRNL,12.0324595
147,image_01AAAASU.jpg,N/A,N/A,8.34E-06
148,image_14092023085350.jpg,21061HFAK5P47M,G9N9N,5.240959406
149,image_14092023064054.jpg,N/A,G9N9N,5.107440948
150,image_01AAAA9C.jpg,N/A,GZRNL,11.73745108
151,image_14092023094129.jpg,27041HFDD749J0,GZRNL,13.66922593
152,image_01AAABEK.jpg,2B151HFGN3H2GF,GZRNL,12.41800451
153,image_01AAABGQ.jpg,22281HFDD56T5N,GZRNL,13.87887144
154,image_01AAABK9.jpg,27211HFGN1RSN4,GZRNL,12.68765879
155,image_14092023080431.jpg,23081HFAK6B7PJ,G9N9N,5.746777773
156,image_01AAAA93.jpg,29201HFGN2ZCYN,GZRNL,12.70249176
157,image_14092023104432.jpg,13031HFAK2QL1S,G9N9N,5.04886508
158,image_01AAABG5.jpg,24211QUH1101HY,G9N9N,5.121352673
159,image_01AAABGM.jpg,27201HFAK86D8L,G9N9N,6.473222494
160,image_01AAAA85.jpg,27081HFAK7Z7GN,G9N9N,4.528076172
161,image_01AAAA7W.jpg,25231HFAK74LST,G9N9N,4.464109421
162,image_01AAABJS.jpg,29091HFGN2TMZF,GZRNL,13.41027904
163,image_01AAABHU.jpg,28171HFAK8MESB,G9N9N,4.361004829
164,image_01AAAA6U.jpg,N/A,G9N9N,2.098202467
165,image_01AAAATM.jpg,27221HFGN1S6Y4,GZRNL,13.00733447
166,image_01AAAA67.jpg,29241HFGN3235K,GZRNL,14.01123738
167,image_01AAABDI.jpg,28171HFAK8MMXK,G9N9N,3.628364801
168,image_01AAAATI.jpg,29201HFGN2ZCS9,GZRNL,13.68989921
169,image_14092023085446.jpg,15281HFAK39T5O,G9N9N,4.827866554
170,image_14092023103652.jpg,29011HFAK8WHHG,G9N9N,4.843163729
171,image_14092023071340.jpg,21201HFDD4K45P,GZRNL,14.87941313
172,image_01AAABL8.jpg,28261QUH1207NK,G9N9N,3.337328911
173,image_14092023073412.jpg,29151HFDD7DB28,GZRNL,12.42672896
174,image_14092023150410.jpg,26091HFDD6CB1Q,GZRNL,13.4259665
175,image_01AAAA1W.jpg,N/A,GZRNL,12.44870925
176,image_01AAAA59.jpg,29281HFGN33M9Y,GZRNL,13.71158028
177,image_01AAABFF.jpg,29071HFAK82G2O,G9N9N,4.704460859
178,image_14092023073916.jpg,16231HFAK3GJF1,G9N9N,5.188937187
179,image_01AAAA7L.jpg,26171HFDD6XAAA,GZRNL,13.53714395
180,image_01AAAATK.jpg,28111HFGN22PFQ,GZRNL,12.9528842
181,image_01AAABDQ.jpg,29031HFGN2F7LD,GZRNL,13.36623359
182,image_01AAAAYQ.jpg,1A081HFAK4MC92,G9N9N,4.724027634
183,image_01AAAA3X.jpg,N/A,GZRNL,14.60739517
184,image_14092023103225.jpg,27011HFAK7UU35,G9N9N,4.576796293
185,image_01AAAAX5.jpg,27161HFAK83QQG,G9N9N,4.751536608
186,image_14092023095713.jpg,0b061hfdl0m1xn,GXCA6,10.28860688
187,image_01AAABKT.jpg,27051HFAK7X608,G9N9N,4.368404388
188,image_14092023075632.jpg,27131HFAK81LSM,G9N9N,4.742313623
189,image_01AAAA27.jpg,27011HFAK7V484,G9N9N,4.71646595
190,image_01AAAA2W.jpg,29231HFGN31LK8,GZRNL,13.94457793
191,image_01AAABJO.jpg,28171HFGN25QKB,GZRNL,12.360255
192,image_01AAAA0E.jpg,25101QUH10021J,G9N9N,4.140550137
193,image_01AAAAUJ.jpg,27191HFGN167MN,GZRNL,12.6619978
194,image_01AAAASP.jpg,29011HFGN2DJDC,GZRNL,13.2561636
195,image_14092023072304.jpg,21241HFDD4BT86,GZRNL,12.26511025
196,image_01AAABCZ.jpg,2A051QUH10032Q,G9N9N,4.368429899
197,image_14092023151622.jpg,26151QUH1008VU,G9N9N,5.602572918
198,image_01AAAA6A.jpg,26061QUH1002JQ,G9N9N,5.839976311
199,image_14092023071332.jpg,1C201HFAK5J8FY,G9N9N,4.699389696
200,image_14092023105228.jpg,27011HFAK7ULG5,G9N9N,4.626601458
201,image_01AAAA1O.jpg,29191HFGN2YW90,GZRNL,13.14429808
202,image_01AAAA3E.jpg,21131HFAK5RTF2,G9N9N,4.594726563
203,image_01AAABH9.jpg,28181HFGN25S0Y,GZRNL,12.76406479
204,image_01AAABD0.jpg,28121HFGN239Q2,GZRNL,13.08092856
205,image_14092023102204.jpg,25181HFAK71US6,G9N9N,4.7289505
206,image_01AAAAT0.jpg,28251HFGN29HU6,GZRNL,13.62595654
207,image_01AAAA1K.jpg,29201HFGN2ZC1V,GZRNL,12.49346328
208,image_01AAABJ3.jpg,28091HFAK8IAQZ,G9N9N,4.053188562
209,image_01AAAAZY.jpg,29181HFGN2YJEP,GZRNL,12.80989647
210,image_01AAAA53.jpg,29191HFGN2YTVX,GZRNL,13.2789011
211,image_14092023104553.jpg,26271HFAK7RXQK,G9N9N,4.772105932
212,image_01AAAAZ6.jpg,24131QUH100147,G9N9N,4.537925482
213,image_14092023082928.jpg,22031HFDD4WV4F,GZRNL,13.70648026
214,image_01AAAA3G.jpg,27141HFAK82NDH,G9N9N,4.945856571
215,image_14092023062423.jpg,13271HFDD2GNVQ,GZRNL,12.93868232
216,image_01AAAAZR.jpg,28191QUH10025F,G9N9N,6.456499815
217,image_01AAABK0.jpg,2A271QUH1B02B6,G9N9N,2.928922415
218,image_01AAABAF.jpg,28151HFAK8KZY6,G9N9N,5.174915314
219,image_01AAABKP.jpg,27121HFAK815AC,G9N9N,3.753579378
220,image_01AAABLT.jpg,27231HFGN1SXQQ,GZRNL,14.08106422
221,image_14092023100905.jpg,26091HFDD6ADNU,GZRNL,12.48387098
222,image_01AAABET.jpg,27111HFAK80W07,G9N9N,5.861344576
223,image_01AAAAZX.jpg,24181QUH1002JR,G9N9N,6.236341238
224,image_14092023062625.jpg,24081HFAK6N1VN,G9N9N,4.815685749
225,image_01AAAAX8.jpg,27191HFAK84JS2,G9N9N,4.822539568
226,image_01AAABHK.jpg,28201HFAK809V3,G9N9N,3.746366978
227,image_01AAABA0.jpg,28251HFGN2A3TM,GZRNL,14.21975517
228,image_01AAABBV.jpg,29301QUH10021E,G9N9N,4.827631235
229,image_14092023071924.jpg,21201HFDD4RH8X,GZRNL,13.10948443
230,image_14092023064949.jpg,19281HFAK4ECBD,G9N9N,6.057926178
231,image_14092023103517.jpg,27011HFAK7V402,G9N9N,4.785270452
232,image_01AAABBF.jpg,28021HFAK8DFRG,G9N9N,5.122831345
233,image_01AAAASD.jpg,26161QUH1002AA,G9N9N,4.560309887
234,image_14092023090926.jpg,25211HFAK73GF7,G9N9N,6.20132637
235,image_01AAAASB.jpg,26131QUH1003QA,G9N9N,4.021406889
236,image_14092023151345.jpg,26251HFAK7RITW,G9N9N,4.878824472
237,image_14092023064544.jpg,15211HFDD2PSNB,GZRNL,13.98465919
238,image_01AAAA9J.jpg,21041HFDD4WHC7,GZRNL,13.1959188
239,image_14092023090401.jpg,29031HFAK8XD44,G9N9N,4.943639278
240,image_01AAAA0Y.jpg,29201HFGN2ZCMQ,GZRNL,14.23004127
241,image_01AAABMM.jpg,28171HFGN25M7S,GZRNL,12.45864034
242,image_14092023070910.jpg,21221HFAK5VQDM,G9N9N,6.317579985
243,image_14092023112952.jpg,25061QUH1000CZ,G9N9N,3.50541997
244,image_01AAABBB.jpg,28101HFAK8ITAV,G9N9N,4.707969666
245,image_01AAAAWV.jpg,27201HFAK86IBU,G9N9N,4.813393593
246,image_14092023073611.jpg,15151HFAK37FHR,G9N9N,5.111834526
247,image_01AAABC5.jpg,28041HFAK8EI8J,G9N9N,4.275455475
248,image_01AAABDP.jpg,2B151HFGN3H2CL,GZRNL,12.81891823
249,image_14092023145754.jpg,0B171HFDD0G22H,GZRNL,14.32551908
250,image_01AAABKV.jpg,27211HFGN1S0YK,GZRNL,11.78052092
251,image_01AAABFA.jpg,28111HFGN238N4,GZRNL,12.80304193
252,image_01AAABFQ.jpg,2A061HFAK99DEP,G9N9N,4.764068127
253,image_01AAAA0A.jpg,24271QUH100502,G9N9N,4.305063248
254,image_01AAAAYO.jpg,27061HFAK7XPNN,G9N9N,4.665139914
255,image_14092023063555.jpg,25211HFAK73EUQ,G9N9N,5.872651577
256,image_01AAAAV0.jpg,21151HFAK5T20K,G9N9N,5.485574245
257,image_01AAAAV7.jpg,26011HFAK7B3A9,G9N9N,4.528485537
258,image_14092023094906.jpg,25241HFAK75AQ3,G9N9N,3.457659245
259,image_01AAABD1.jpg,28181HFAK8NFSE,G9N9N,4.855375528
260,image_14092023064422.jpg,22011HFDD4CZF8,GZRNL,13.33978343
261,image_01AAAA5U.jpg,25111QUH100BSQ,G9N9N,4.716121912
262,image_14092023105523.jpg,27111HFDD75MLS,GZRNL,13.40057802
263,image_14092023094616.jpg,26161HFDD6SG7M,GZRNL,12.26340628
264,image_01AAABKO.jpg,26171HFGN0WY7Z,GZRNL,12.82140112
265,image_01AAAA56.jpg,28201QUH110536,G9N9N,4.077491522
266,image_01AAABGL.jpg,2A291HFDD7PL39,GZRNL,13.65389132
267,image_01AAAA00.jpg,29201HFGN2ZCJ4,GZRNL,12.08031511
268,image_01AAAA8K.jpg,27251HFDD6Y33N,GZRNL,12.93788815
269,image_01AAABLS.jpg,27121HFAK815LC,G9N9N,3.786931038
270,image_01AAABGW.jpg,21281HFAK5XTHN,G9N9N,4.597224951
271,image_01AAABKN.jpg,22101HFAK620AY,G9N9N,3.773883581
272,image_14092023075411.jpg,26231HFDD6MZ5S,GZRNL,13.08901572
273,image_01AAAA4G.jpg,29241HFGN31QBA,GZRNL,12.32040763
274,image_01AAABBZ.jpg,24211QUH11033T,G9N9N,6.028219461
275,image_01AAABLC.jpg,N/A,G9N9N,0.8867974281
276,image_01AAABL0.jpg,28011HFAK8CQXF,G9N9N,4.613303661
277,image_01AAAASM.jpg,27111HFAK80Q26,G9N9N,4.977104425
278,image_14092023062826.jpg,26011HFDD69HJP,GZRNL,13.58440685
279,image_01AAABA9.jpg,28251HFAK8RJQE,G9N9N,4.539087057
280,image_01AAAAUU.jpg,27011HFAK7UOWJ,G9N9N,4.868596554
281,image_01AAABAM.jpg,27221HFGN1SRSA,GZRNL,13.68368292
282,image_01AAABBS.jpg,28251HFGN2A4G5,GZRNL,12.740098
283,image_01AAAA8O.jpg,27101HFDD71DFA,GZRNL,13.22397852
284,image_14092023070938.jpg,26291HFGN12U83,GZRNL,12.73410249
285,image_14092023083315.jpg,N/A,GZRNL,14.3475461
286,image_01AAAAXV.jpg,29011HFGN2DJU0,GZRNL,13.32100248
287,image_14092023112848.jpg,29231HFGN316VJ,GZRNL,13.12420726
288,image_01AAABHZ.jpg,29081HFGN2H4Z2,GZRNL,13.28670049
289,image_01AAAAZ5.jpg,29201HFGN2ZCW8,GZRNL,11.8454442
290,image_01AAABCG.jpg,29081HFGN2TGC5,GZRNL,13.26204801
291,image_01AAABBN.jpg,24261QUH10019R,G9N9N,3.966953039
292,image_01AAAA8I.jpg,27091HFDD75W2Y,GZRNL,12.20987463
293,image_01AAAA74.jpg,29151HFDD7HPVZ,GZRNL,12.79908633
294,image_01AAAAZL.jpg,28201QUH1200WL,G9N9N,4.109373331
295,image_01AAABE3.jpg,28191HFAK8NWUJ,G9N9N,4.859492064
296,image_01AAAA45.jpg,29171HFGN2YEKL,GZRNL,12.93396425
297,image_01AAAA7Z.jpg,26161HFDD6X5YZ,GZRNL,13.73512006
298,image_01AAABE1.jpg,27111HFAK80KBO,G9N9N,5.223308563
299,image_01AAAASX.jpg,27131HFAK82D4X,G9N9N,4.923287392
300,image_14092023095233.jpg,N/A,G9N9N,0.7898988724
301,image_14092023103014.jpg,27121HFDD76TXZ,GZRNL,13.6228199
302,image_14092023070746.jpg,1B171HFAK55A53,G9N9N,4.912011385
303,image_01AAAA1S.jpg,28241HFGN293P7,GZRNL,13.42205071
304,image_01AAAAYW.jpg,22161HFDD53XX0,GZRNL,13.04003239
305,image_01AAAA1E.jpg,29201HFGN2ZC7A,GZRNL,14.00283074
306,image_01AAAA57.jpg,29241HFGN31PQV,GZRNL,12.45251155
307,image_01AAABDW.jpg,26281HFGN12HHY,GZRNL,13.17376757
308,image_14092023062012.jpg,21131HFAK5RDDY,G9N9N,5.01550889
309,image_01AAAAU2.jpg,26251HFAK7RBMV,G9N9N,5.124941111
310,image_01AAABLX.jpg,28101HFGN22BZ5,GZRNL,14.69484591
311,image_14092023065103.jpg,24081HFAK6MY1D,G9N9N,4.2002635
312,image_14092023090413.jpg,29151HFDD7HRZJ,GZRNL,11.98834372
313,image_01AAAA2H.jpg,24111QUH10039Q,G9N9N,5.272732735
314,image_01AAAA03.jpg,28191QUH1202ZX,G9N9N,4.409793615
315,image_01AAABI1.jpg,1C291HFAK5MO0D,G9N9N,4.672996044
316,image_01AAAAUT.jpg,25141HFDD64GY4,GZRNL,14.12393761
317,image_01AAABLK.jpg,28271HFGN2B1KX,GZRNL,12.1745007
318,image_01AAAA90.jpg,29061HFAK8YN5M,G9N9N,4.720172405
319,image_01AAABHO.jpg,2B211QUH1B02YX,G9N9N,3.333620548
320,image_01AAAA66.jpg,28221QUH11017J,G9N9N,5.833203793
321,image_01AAAAWI.jpg,27271HFDD77BZV,GZRNL,12.17922163
322,image_01AAAAYN.jpg,N/A,N/A,13.34041452
323,image_01AAABGJ.jpg,2B031HFDD8CQR2,GZRNL,12.61592984
324,image_01AAABJQ.jpg,26301HFGN13QCT,GZRNL,12.64756918
325,image_01AAAA05.jpg,25131QUH11019M,G9N9N,4.653130293
326,image_01AAABKE.jpg,29101HFGN2U4F8,GZRNL,14.35923004
327,image_14092023085741.jpg,19281HFAK4EC8O,G9N9N,4.854182005
328,image_01AAABAE.jpg,N/A,N/A,1.113001823
329,image_01AAAAZ8.jpg,24281QUH1002AY,G9N9N,4.721965551
330,image_01AAAAXY.jpg,27221HFGN1STJW,GZRNL,13.70567393
331,image_01AAABHC.jpg,2B211QUH1C021K,G9N9N,2.978745222
332,image_01AAABJY.jpg,27211HFGN1RJ7B,GZRNL,12.59787655
333,image_14092023090013.jpg,23071HFAK6AN19,G9N9N,6.684134245
334,image_01AAAATL.jpg,28171HFAK8MD9M,G9N9N,4.440885544
335,image_01AAAAUL.jpg,28231HFGN28MFA,GZRNL,12.11367822
336,image_14092023074345.jpg,25241HFAK7599S,G9N9N,5.710811615
337,image_01AAAATQ.jpg,27131HFAK82DWA,G9N9N,4.897796392
338,image_01AAAA7T.jpg,N/A,GZRNL,11.93888688
339,image_14092023075901.jpg,15291HFAK3A4MM,G9N9N,6.279717922
340,image_01AAABFX.jpg,25201HFDD5M38J,GZRNL,12.81913638
341,image_01AAABCF.jpg,26041QUH1002BQ,G9N9N,4.526370287
342,image_01AAAA2T.jpg,24081QUH1001SD,G9N9N,5.579963207
343,image_01AAAAWH.jpg,27201HFAK85XMC,G9N9N,4.798725605
344,image_01AAABD2.jpg,28241HFGN29BU9,GZRNL,12.44893551
345,image_14092023104316.jpg,27041HFDD7AA4L,GZRNL,13.56893587
346,image_01AAAATO.jpg,29201HFGN2ZG2U,GZRNL,12.06705499
347,image_14092023103132.jpg,25271HFAK781L8,G9N9N,5.84365201
348,image_01AAABI8.jpg,27221HFGN1SKEW,GZRNL,12.04116154
349,image_14092023072020.jpg,1C211HFAK5JZJ4,G9N9N,4.929819345
350,image_01AAAA0K.jpg,28081HFAK8HK5K,G9N9N,6.226938963
351,image_14092023091643.jpg,17211HFDD39PBZ,GZRNL,11.81759214
352,image_14092023095439.jpg,16231HFAK3GMG6,G9N9N,3.796430826
353,image_01AAAA0C.jpg,24261QUH1004QE,G9N9N,5.396303177
354,image_01AAABIL.jpg,1C161HFAK5HOCA,G9N9N,5.204663515
355,image_01AAAA5A.jpg,25111QUH100BDA,G9N9N,3.972423315
356,image_14092023061143.jpg,26231HFDD6P4FA,GZRNL,12.74572611
357,image_01AAAA0G.jpg,24211QUH1001SX,G9N9N,5.994337797
358,image_01AAAA5V.jpg,29141HFGN2W3LA,GZRNL,12.30472469
359,image_14092023094602.jpg,23121HFAK6CXDO,G9N9N,3.699901581
360,image_01AAAA7C.jpg,25041QUH1101E4,G9N9N,6.023563385
361,image_01AAABF5.jpg,2A151HFAK9BMJM,G9N9N,3.32207799
362,image_14092023091346.jpg,21201HFDD4YQ77,GZRNL,12.18504763
363,image_01AAABAI.jpg,28271QUH11047A,G9N9N,4.950345039
364,image_01AAABE6.jpg,2B111HFGN3GT6H,GZRNL,12.44627547
365,image_01AAAA14.jpg,28241HFGN2986W,GZRNL,12.12044525
366,image_14092023144123.jpg,N/A,G9N9N,2.310937643
367,image_01AAAAW3.jpg,22181HFDD554TE,GZRNL,11.98160791
368,image_01AAABG0.jpg,26161HFGN0W3TY,GZRNL,12.40560532
369,image_01AAABCL.jpg,25131QUH100435,G9N9N,4.69172883
370,image_14092023073013.jpg,24051HFAK6LU9P,G9N9N,4.556103706
371,image_14092023084110.jpg,21201HFDD5109E,GZRNL,13.12091184
372,image_01AAAA8Z.jpg,21131HFAK5RWBK,G9N9N,5.139130592
373,image_01AAAA2J.jpg,24151QUH11006R,G9N9N,4.213381529
374,image_01AAAAYM.jpg,24121HFAK6NYAH,G9N9N,6.567952394
375,image_01AAAA1L.jpg,N/A,G9N9N,2.502306938
376,image_01AAAATX.jpg,28101HFGN22HB1,GZRNL,12.2370317
377,image_01AAAAU0.jpg,25211HFAK73HIO,G9N9N,4.875990152
378,image_14092023101556.jpg,21211HFAK5VC4H,G9N9N,5.637712002
379,image_01AAABFN.jpg,N/A,N/A,8.82E-06
380,image_14092023061247.jpg,21181HFAK5U5CU,G9N9N,5.350542068
381,image_01AAABBL.jpg,N/A,G9N9N,1.866559267
382,image_01AAAA7J.jpg,29151HFDD7BBRY,GZRNL,12.07588434
383,image_01AAABKF.jpg,N/A,G9N9N,0.9768586159
384,image_01AAAAYZ.jpg,25201HFAK72ZNN,G9N9N,6.191785336
385,image_14092023095950.jpg,27231HFDD73J0T,GZRNL,11.83505154
386,image_01AAABFJ.jpg,N/A,G9N9N,4.799085855
387,image_01AAAA1V.jpg,24211QUH1103SZ,G9N9N,4.875043392
388,image_01AAAA3I.jpg,1A081HFAK4MFZM,G9N9N,4.348934174
389,image_01AAAA6K.jpg,24201QUH1003AY,G9N9N,4.130063772
390,image_01AAABGT.jpg,22111HFDD5BMP3,GZRNL,12.53689599
391,image_01AAABI7.jpg,N/A,G9N9N,4.334396362
392,image_01AAABJ1.jpg,25121QUH1002MP,G9N9N,2.87122345
393,image_01AAABD7.jpg,2A261QUH1C08J9,G9N9N,2.956901312
394,image_01AAAA9Q.jpg,24191QUH1004Q9,G9N9N,4.456570864
395,image_14092023103108.jpg,25061QUH1000CZ,G9N9N,5.497423649
396,image_14092023105237.jpg,27111HFDD71H9H,GZRNL,12.23374057
397,image_14092023092216.jpg,15101HFAK367VU,G9N9N,4.541873693
398,image_01AAAA4F.jpg,24151QUH1101E7,G9N9N,4.56734705
399,image_01AAABEX.jpg,28151HFAK8L71Z,G9N9N,5.45699048
400,image_01AAABIM.jpg,26221HFGN0ZF7D,GZRNL,11.88043666
401,image_14092023074419.jpg,26171HFDD6P20X,GZRNL,12.26596189
402,image_01AAAA0T.jpg,29071HFAK8ZW4T,G9N9N,4.416349888
403,image_01AAABKX.jpg,28271HFGN2B2PB,GZRNL,12.4900341
404,image_01AAABA3.jpg,28271HFAK8TRHC,G9N9N,4.358921766
405,image_01AAABIW.jpg,27221HFGN1S8JP,GZRNL,11.94320536
406,image_14092023094741.jpg,25231HFAK74D6B,G9N9N,4.031472445
407,image_01AAABDT.jpg,29031HFGN2F7H5,GZRNL,11.79112339
408,image_14092023091232.jpg,21061HFAK5PO1W,G9N9N,4.658637762
409,image_01AAABGS.jpg,21271HFDD4NVMD,GZRNL,12.67835093
410,image_14092023110000.jpg,3129HT002IE,GJ2CQ,19.56055832
411,image_14092023150934.jpg,25211HFAK73B17,G9N9N,4.38232255
412,image_14092023103049.jpg,N/A,G9N9N,1.973824739
413,image_01AAAA4O.jpg,24281QUH1000N2,G9N9N,4.390877008
414,image_01AAABC3.jpg,28021HFAK8DOZG,G9N9N,4.019543171
415,image_01AAAAW4.jpg,21131HFAK5S6NH,G9N9N,4.91574192
416,image_01AAAATF.jpg,N/A,G9N9N,4.781184435
417,image_01AAAA5D.jpg,29171HFGN2YEWC,GZRNL,13.13997483
418,image_01AAABED.jpg,28081HFAK8H6KI,G9N9N,4.424167633
419,image_01AAAAR2.jpg,27211HFDD74JZ8,GZRNL,12.07997918
420,image_14092023062803.jpg,14071HFAK2ZW9O,G9N9N,5.289089918
421,image_14092023151216.jpg,27011HFAK7V5VD,G9N9N,4.247370243
422,image_14092023151737.jpg,26151QUH1008VU,G9N9N,4.48434782
423,image_01AAAAU6.jpg,18251HFAK3ZWTD,G9N9N,4.770630836
424,image_14092023144428.jpg,29151HFDD7N65Z,GZRNL,12.99721074
425,image_01AAAA1F.jpg,28201HFAK80QT3,G9N9N,4.372833729
426,image_01AAABJ4.jpg,28171HFGN25MNB,GZRNL,12.51621509
427,image_14092023083615.jpg,29021HFDD7BX7H,GZRNL,11.86061954
428,image_14092023145732.jpg,0B101HFAK1VEGT,G9N9N,4.770407438
429,image_01AAAA95.jpg,29221HFGN30XGP,GZRNL,12.42500639
430,image_01AAAA1I.jpg,28221HFGN285JV,GZRNL,12.16539955
431,image_14092023105357.jpg,27041HFDD6ZL1W,GZRNL,11.81888461
432,image_01AAAA3N.jpg,27091HFDD796M4,GZRNL,12.46994281
433,image_01AAAAUG.jpg,17191HFAK3LMRT,G9N9N,4.46539259
434,image_14092023072726.jpg,22031HFDD4NM3B,GZRNL,11.65226412
435,image_01AAAA97.jpg,28241HFGN28XNV,GZRNL,12.31974673
436,image_14092023082647.jpg,15291HFAK3A3AG,G9N9N,4.63162756
437,image_01AAABMR.jpg,28171HFAK8MLMM,G9N9N,3.465080738
438,image_01AAABA1.jpg,N/A,G9N9N,2.047989368
439,image_01AAABEE.jpg,28181HFGN25ZGX,GZRNL,12.86465287
440,image_01AAAAU9.jpg,27071HFDD75PGQ,GZRNL,11.87986279
441,image_01AAABEV.jpg,27201HFAK86152,G9N9N,3.813298941
442,image_01AAAA9W.jpg,24281QUH1004S4,G9N9N,4.005312204
443,image_01AAABIG.jpg,29091HFGN2TWLJ,GZRNL,12.05625558
444,image_01AAABEL.jpg,28261HFGN2AT02,GZRNL,12.61911654
445,image_14092023090720.jpg,16231HFAK3GKJN,G9N9N,4.351474285
446,image_01AAAA3F.jpg,25301HFDD6H54B,GZRNL,12.61051202
447,image_14092023105345.jpg,25211HFAK73SZZ,G9N9N,4.319861889
448,image_01AAABBD.jpg,N/A,G9N9N,2.038771868
449,image_01AAAAVV.jpg,27091HFDD6YGF7,GZRNL,12.72573924
450,image_01AAABLY.jpg,23221HFAK6GJUK,G9N9N,4.80784297
451,image_01AAAAZG.jpg,25191HFDD5MUNG,GZRNL,12.02963161
452,image_14092023064512.jpg,1C211HFAK5JYJE,G9N9N,6.482465267
453,image_01AAAA99.jpg,28031HFGN1Y6KU,GZRNL,11.89029026
454,image_01AAAAV9.jpg,26031HFAK7CM14,G9N9N,4.677946091
455,image_14092023092003.jpg,16141HFDD2AVVF,GZRNL,13.08870125
456,image_14092023092257.jpg,17161HFDD3ALFK,GZRNL,12.13142061
457,image_14092023083015.jpg,19201HFAK4C028,G9N9N,6.297596931
458,image_01AAABMA.jpg,2A271QUH1C01YZ,G9N9N,4.404712677
459,image_14092023072810.jpg,16231HFAK3GJEX,G9N9N,4.85493803
460,image_01AAABB1.jpg,28221HFAK8POF5,G9N9N,4.625203371
461,image_14092023062342.jpg,26041QUH10030B,G9N9N,4.207141876
462,image_01AAABKU.jpg,27211HFGN1S0YK,GZRNL,13.22439599
463,image_01AAAA5Q.jpg,28191QUH1003BF,G9N9N,4.033381224
464,image_01AAABJJ.jpg,27191HFAK84MB5,G9N9N,4.521236658
465,image_01AAAAY7.jpg,1A051HFAK4JB11,G9N9N,5.649792433
466,image_01AAAA9P.jpg,29031HFDD7K1PF,GZRNL,11.77183175
467,image_14092023095255.jpg,N/A,G9N9N,0.8078773022
468,image_01AAAA8F.jpg,25211HFAK73SD4,G9N9N,4.786557674
469,image_01AAABG1.jpg,28171HFAK8M9AB,G9N9N,5.891611338
470,image_01AAABAO.jpg,29101HFGN2UK8X,GZRNL,11.76196814
471,image_14092023110043.jpg,25061QUH1000CZ,G9N9N,3.062905312
472,image_01AAAAUC.jpg,N/A,G9N9N,2.154298306
473,image_01AAAA3S.jpg,26171HFAK7M174,G9N9N,6.225449085
474,image_01AAAATA.jpg,27231HFGN1T9AE,GZRNL,12.28625035
475,image_01AAAA84.jpg,27041HFDD6YE8X,GZRNL,12.88950348
476,image_14092023111125.jpg,2A071J3D52QMC1,G3AL9,1.235033035
477,image_01AAAAZ1.jpg,29181HFGN2YJEP,GZRNL,11.94436288
478,image_14092023062934.jpg,25211HFAK73HDZ,G9N9N,4.794300795
479,image_14092023144200.jpg,25061QUH1000CZ,G9N9N,4.006798506
480,image_14092023104138.jpg,26161HFDD6N2AK,GZRNL,11.88767385
481,image_01AAABML.jpg,N/A,G9N9N,3.345335245
482,image_01AAAA2P.jpg,24281QUH1005JC,G9N9N,5.223045826
483,image_01AAABAU.jpg,2A201HFGN3E1C2,GZRNL,12.07533693
484,image_14092023085554.jpg,21241HFDD4C6MB,GZRNL,12.32060099
485,image_01AAAAS2.jpg,28171HFAK8MOEH,G9N9N,4.782225132
486,image_14092023062047.jpg,26241HFDD6LQJP,GZRNL,12.00772309
487,image_01AAAA49.jpg,29241HFGN31Q37,GZRNL,12.86901951
488,image_14092023144414.jpg,29061HFAK8YNKH,G9N9N,4.527443647
489,image_14092023102903.jpg,N/A,G9N9N,1.984871149
490,image_01AAABCM.jpg,29151HFGN2WN4A,GZRNL,12.77941871
491,image_01AAAA44.jpg,25121QUH10006O,G9N9N,3.957306147
492,image_01AAAAVA.jpg,28171HFAK8MMOM,G9N9N,4.913356543
493,image_01AAAA06.jpg,29171HFGN2YE2Z,GZRNL,12.49779344
494,image_01AAABD4.jpg,28181HFGN25RNU,GZRNL,11.93151426
495,image_01AAAA9B.jpg,17061HFAK3JE5Q,G9N9N,5.78407526
496,image_01AAAATS.jpg,27211HFGN1RWPX,GZRNL,11.89149904
497,image_14092023090935.jpg,26171HFDD6QSZH,GZRNL,12.53910112
498,image_14092023150519.jpg,27011HFAK7UU05,G9N9N,4.725348949
499,image_01AAAA08.jpg,29201HFGN2ZBX1,GZRNL,12.40864563
500,image_01AAAAV8.jpg,26241HFDD6SH5C,GZRNL,11.70950055
501,image_01AAAAUI.jpg,0C031HFAK22ZJP,G9N9N,4.953285456
502,image_14092023075647.jpg,27231HFDD7932Y,GZRNL,13.48639345
503,image_01AAAAX1.jpg,1B151HFAK54BSC,G9N9N,4.405668974
504,image_01AAAATR.jpg,27131HFAK82DWA,G9N9N,4.500745296
505,image_01AAAAWP.jpg,27201HFAK8688J,G9N9N,4.790875912
506,image_01AAABD3.jpg,28091HFAK8IEDP,G9N9N,4.425913095
507,image_01AAABDM.jpg,27251HFGN1UBAJ,GZRNL,11.90465665
508,image_01AAAAUV.jpg,27141HFDD70ZLG,GZRNL,13.22579813
509,image_01AAAAS5.jpg,26121QUH1003ZR,G9N9N,4.503602982
510,image_01AAAAT7.jpg,12031HFAK2102K,G9N9N,4.946512699
511,image_14092023091242.jpg,21201HFDD4J9HB,GZRNL,13.30396128
512,image_01AAAA16.jpg,29181HFGN2YHYS,GZRNL,12.03568625
513,image_14092023085659.jpg,26171HFDD6UQCZ,GZRNL,13.17756295
514,image_01AAAATZ.jpg,27211HFGN1RMNY,GZRNL,12.04599619
515,image_01AAABAW.jpg,26201HFGN0Y0JV,GZRNL,12.83080673
516,image_01AAAA4N.jpg,29241HFGN31QH3,GZRNL,12.05339098
517,image_01AAABJ6.jpg,N/A,GZRNL,12.69686055
518,image_01AAABBE.jpg,2A011HFGN35UWF,GZRNL,12.63437533
519,image_01AAAAV3.jpg,N/A,N/A,11.85808873
520,image_14092023061530.jpg,26231HFDD6XN1G,GZRNL,11.98033881
521,image_01AAAA2M.jpg,29231HFGN31M6Y,GZRNL,12.08499932
522,image_14092023150358.jpg,25131HFAK6ZHOA,G9N9N,4.791783571
523,image_01AAABL4.jpg,2A271QUH1A01B8,G9N9N,3.754126787
524,image_01AAAA81.jpg,25211HFAK743AJ,G9N9N,4.531772375
525,image_01AAABKJ.jpg,28081HFAK8HBNR,G9N9N,3.398977518
526,image_01AAAASH.jpg,28151HFAK8KTXH,G9N9N,4.521366119
527,image_01AAAATJ.jpg,28021HFAK8DG3X,G9N9N,4.6667099
528,image_14092023103530.jpg,27111HFDD75THR,GZRNL,12.76233411
529,image_14092023103238.jpg,27111HFDD6YTN1,GZRNL,12.2649951
530,image_01AAAAVY.jpg,27191HFAK84M81,G9N9N,4.921090126
531,image_01AAAAXQ.jpg,29101HFGN2UAP1,GZRNL,12.01820064
532,image_01AAAA1P.jpg,24271QUH1000HR,G9N9N,5.166946411
533,image_01AAAA87.jpg,25231HFAK74FZT,G9N9N,4.471072197
534,image_01AAAA4J.jpg,29241HFGN31QZZ,GZRNL,12.06970406
535,image_01AAAAUE.jpg,29251HFGN32C3X,GZRNL,12.43083596
536,image_14092023093247.jpg,17221HFDD3KJEL,GZRNL,12.01325512
537,image_01AAAA3T.jpg,27041HFDD70CTV,GZRNL,12.420228
538,image_14092023144727.jpg,19301HFAK4G8IK,G9N9N,4.49787426
539,image_01AAABI2.jpg,27221HFGN1SA4Y,GZRNL,13.1114502
540,image_01AAAAYI.jpg,N/A,G9N9N,3.921688318
541,image_01AAAAVP.jpg,24091HFAK6N5MM,G9N9N,4.743349314
542,image_01AAABD9.jpg,24201QUH1002V2,G9N9N,3.030469894
543,image_01AAAA2C.jpg,29201HFGN2ZCBQ,GZRNL,12.50487065
544,image_01AAAA8M.jpg,22261HFDD5D6E6,GZRNL,12.34398699
545,image_01AAAA4D.jpg,22191HFDD5ATVF,GZRNL,12.11029553
546,image_01AAAA8Q.jpg,29151HFDD7DT1F,GZRNL,12.85491586
547,image_01AAABBI.jpg,2B111HFGN3GTAE,GZRNL,11.83014774
548,image_14092023091438.jpg,15111HFAK36EDC,G9N9N,5.098351717
549,image_14092023112853.jpg,25061QUH1000CZ,G9N9N,4.289978504
550,image_01AAAA50.jpg,N/A,G9N9N,2.532885313
551,image_01AAAA4Z.jpg,29171HFGN2YDZ4,GZRNL,11.96450043
552,image_01AAAA86.jpg,27201HFDD721Z0,GZRNL,13.10106206
553,image_14092023061729.jpg,14261HFAK3311E,G9N9N,4.513976097
554,image_01AAAATG.jpg,27221HFGN1SQ75,GZRNL,12.05684471
555,image_01AAAA33.jpg,25301HFDD69HZV,GZRNL,12.74237394
556,image_01AAABE4.jpg,28241HFGN29AEQ,GZRNL,12.58126116
557,image_01AAABC1.jpg,28061HFAK8G9IF,G9N9N,3.30653739
558,image_01AAAA7Q.jpg,25231HFAK74N3Q,G9N9N,4.630240679
559,image_01AAABME.jpg,28161HFAK8M0YX,G9N9N,3.403423309
560,image_01AAAA37.jpg,27041HFDD728ZW,GZRNL,13.21494412
561,image_01AAAA0W.jpg,N/A,N/A,11.81798887
562,image_01AAAAT5.jpg,29201HFGN2ZB01,GZRNL,12.87581444
563,image_01AAAAZZ.jpg,N/A,GZRNL,11.94332051
564,image_14092023082300.jpg,29201HFDD7B7CG,GZRNL,12.74232984
565,image_01AAABII.jpg,28111HFGN22UFN,GZRNL,11.95755315
566,image_01AAABHY.jpg,25061QUH1000VO,G9N9N,5.083637238
567,image_01AAAAWE.jpg,25141HFDD64A9V,N/A,11.39252543
568,image_01AAABJW.jpg,27231HFGN1SXBK,GZRNL,12.81347275
569,image_01AAAA13.jpg,28161HFAK8LXWG,G9N9N,4.520550489
570,image_14092023074703.jpg,29191HFAK92D6X,G9N9N,4.528630495
571,image_01AAAAWQ.jpg,27271HFDD71FWC,GZRNL,13.3116312
572,image_01AAABMG.jpg,2A261QUH1A07V3,G9N9N,3.082179546
573,image_01AAAA12.jpg,29201HFGN2Z76V,GZRNL,11.91675615
574,image_14092023101032.jpg,26091HFDD6ADNU,GZRNL,12.73308229
575,image_01AAABFL.jpg,25121HFAK6YVWG,G9N9N,4.434625387
576,image_01AAAA0I.jpg,21221HFAK5VQA6,G9N9N,4.86455965
577,image_01AAAAVM.jpg,1C291HFDD4Z2DJ,GZRNL,12.64566064
578,image_01AAAA9S.jpg,24271QUH1005E3,G9N9N,4.228054285
579,image_14092023101742.jpg,21241HFDD4XK1R,GZRNL,12.68325734
580,image_01AAAAUA.jpg,12031HFAK2102K,G9N9N,5.019979954
581,image_14092023080320.jpg,N/A,G9N9N,2.068317652
582,image_14092023065004.jpg,21041HFDD4TLWA,GZRNL,13.41572738
583,image_01AAAAT6.jpg,N/A,G9N9N,1.715441465
584,image_01AAAA23.jpg,24201QUH10000X,G9N9N,3.998277664
585,image_01AAABJE.jpg,27221HFGN1SAEA,GZRNL,12.35964251
586,image_01AAAA35.jpg,27051HFDD78VZ4,GZRNL,12.36689711
587,image_14092023102931.jpg,N/A,G9N9N,1.927823782
588,image_01AAAAR7.jpg,3129HT002IE,GJ2CQ,19.88319302
589,image_01AAAASI.jpg,28241HFGN292ZT,GZRNL,12.38104463
590,image_14092023092724.jpg,1C181HFAK5IOMK,G9N9N,4.317810059
591,image_01AAABAA.jpg,N/A,G9N9N,1.917185783
592,image_01AAABDC.jpg,29091HFGN2TWTW,GZRNL,12.73424768
593,image_14092023105744.jpg,2A071J3D52QMC1,G3AL9,1.280055285
594,image_01AAABLJ.jpg,27181HFAK845WV,G9N9N,4.706913233
595,image_01AAABH3.jpg,N/A,N/A,12.38795686
596,image_01AAAAY6.jpg,28161HFDD7N9UG,GZRNL,13.47079754
597,image_01AAABC0.jpg,2A201HFGN3DZYJ,GZRNL,12.58357716
598,image_01AAAA92.jpg,25081QUH1001S2,G9N9N,4.825901031
599,image_01AAAAUF.jpg,28031HFAK8DTIQ,G9N9N,4.408555984
600,image_01AAAA7O.jpg,26281HFAK7TX7O,G9N9N,5.023448229
601,image_01AAAA8H.jpg,25251HFAK76KZG,G9N9N,4.433793783
602,image_01AAABLI.jpg,27231HFGN1SXP7,GZRNL,12.43067479
603,image_14092023143924.jpg,26161HFDD6W3K4,GZRNL,11.88145065
604,image_01AAAA4U.jpg,28221HFGN286FQ,GZRNL,12.36007094
605,image_01AAABKK.jpg,28171HFGN25PVD,GZRNL,12.17616963
606,image_01AAAA6P.jpg,28241HFGN293XS,GZRNL,11.92495084
607,image_01AAAAS1.jpg,28251HFGN29RJZ,GZRNL,12.54453468
608,image_01AAABIX.jpg,26151QUH1004AQ,G9N9N,4.04261899
609,image_01AAAA62.jpg,23311QUH10000A,G9N9N,4.01146102
610,image_14092023112852.jpg,N/A,G3AL9,1.487742662
611,image_14092023094443.jpg,29031HFAK8X8ZK,G9N9N,3.684119463
612,image_01AAAA7F.jpg,28241HFGN2938K,GZRNL,12.92754984
613,image_01AAABDK.jpg,28121HFGN23EKC,GZRNL,12.55366492
614,image_14092023151238.jpg,27011HFAK7V5VD,G9N9N,4.566883326
615,image_01AAABDN.jpg,28261HFAK8TO72,G9N9N,3.697571993
616,image_14092023071457.jpg,21201HFDD4EPE9,GZRNL,12.78212714
617,image_01AAAAVX.jpg,27261HFDD6YBKR,GZRNL,12.14640832
618,image_01AAAAWD.jpg,24181HFAK6OJ1S,G9N9N,4.839301825
619,image_14092023083810.jpg,19291HFAK4F40W,G9N9N,5.031887054
620,image_01AAAASN.jpg,27201HFGN1RB4Y,GZRNL,12.32134008
621,image_01AAAAS6.jpg,2A061HFGN37ZQL,GZRNL,13.04840255
622,image_01AAAA0U.jpg,29201HFGN2ZC8T,GZRNL,11.7072084
623,image_14092023110142.jpg,2a191hfdl1zym5,GXCA6,9.402828693
624,image_01AAABDR.jpg,28271HFAK8TJGN,G9N9N,4.125150919
625,image_01AAAAUZ.jpg,25271HFDD6F2ZB,GZRNL,11.96099901
626,image_01AAAAY2.jpg,29061HFDD7EB4U,GZRNL,12.30731726
627,image_01AAAA7E.jpg,28151HFAK8LCG9,G9N9N,4.445345163
628,image_14092023090351.jpg,N/A,G9N9N,4.271686554
629,image_01AAAA7Y.jpg,23091HFAK6BOBS,G9N9N,4.618293524
630,image_01AAABEQ.jpg,28241HFGN29BCZ,GZRNL,12.92527246
631,image_14092023065835.jpg,26151HFGN0VS1R,GZRNL,12.51485252
632,image_01AAAASR.jpg,29011HFGN2DJDC,GZRNL,11.77856064
633,image_14092023085904.jpg,29011HFAK8WHKN,G9N9N,4.716714382
634,image_01AAAA2N.jpg,28201QUH1201NQ,G9N9N,5.331003666
635,image_14092023083301.jpg,18041HFAK3PYMJ,G9N9N,5.45554328
636,image_14092023062512.jpg,29051HFAK8YH5M,G9N9N,4.307880163
637,image_01AAABHS.jpg,27211HFGN1RS6N,GZRNL,12.06243634
638,image_01AAABMP.jpg,22021HFAK5YIST,G9N9N,5.63146925
639,image_01AAABAN.jpg,24201QUH1005YQ,G9N9N,4.3037498
640,image_01AAABMQ.jpg,26231HFGN104JU,GZRNL,11.99873424
641,image_01AAABB8.jpg,27291HFGN1VT4U,GZRNL,12.88423991
642,image_01AAAAXW.jpg,N/A,G9N9N,4.268126011
643,image_01AAAAV2.jpg,25191HFDD5HB1Y,N/A,12.54241633
644,image_01AAABKD.jpg,25051QUH1102ET,G9N9N,2.978582621
645,image_01AAAAW6.jpg,21101HFAK5Q1PD,G9N9N,5.026780128
646,image_14092023084209.jpg,29151HFDD7KQE5,GZRNL,12.93062854
647,image_01AAAA2K.jpg,29201HFGN2ZBTA,GZRNL,11.98923182
648,image_01AAAA9L.jpg,29151HFDD7B0NS,GZRNL,12.36852264
649,image_14092023095110.jpg,29151HFDD7B4SR,GZRNL,12.02583623
650,image_01AAAA4R.jpg,25111QUH110408,G9N9N,4.928716898
651,image_01AAABEO.jpg,28181HFAK8NGV6,G9N9N,4.660328627
652,image_01AAAA1M.jpg,29201HFGN2ZCHN,GZRNL,11.95086217
653,image_01AAAA1Q.jpg,29171HFGN2YGPW,GZRNL,13.32764292
654,image_14092023083955.jpg,26171HFDD6MJY7,GZRNL,11.90616727
655,image_01AAABJZ.jpg,28171HFAK8MSY6,G9N9N,3.393945456
656,image_01AAABEW.jpg,27291HFGN1VT18,GZRNL,12.64419031
657,image_01AAAASL.jpg,28231HFGN28MYD,GZRNL,12.45927119
658,image_01AAAAYT.jpg,25271HFDD6JN72,GZRNL,11.78539181
659,image_14092023091632.jpg,15171HFAK37H0Q,G9N9N,4.430319309
660,image_01AAAA79.jpg,25231HFAK74LNG,G9N9N,5.983724356
661,image_01AAABJM.jpg,28241HFGN295KM,GZRNL,12.20007133
662,image_01AAAA0X.jpg,25101QUH10025Z,G9N9N,4.290900707
663,image_01AAABCR.jpg,N/A,G9N9N,2.080977678
664,image_01AAAAZQ.jpg,28241HFGN297NC,GZRNL,13.39846039
665,image_01AAAA2R.jpg,25081QUH1000UN,G9N9N,4.388329983
666,image_01AAAA5T.jpg,29171HFGN2YD51,GZRNL,13.40834427
667,image_01AAAA4P.jpg,29181HFGN2YHX8,GZRNL,11.88735032
668,image_01AAAAXN.jpg,22101HFDD5AHM3,GZRNL,13.10115004
669,image_01AAABIR.jpg,27141HFAK82JM8,G9N9N,3.329257011
670,image_01AAABGI.jpg,2A171HFAK9C84Q,G9N9N,4.429599047
671,image_01AAAAX6.jpg,26271HFGN11QZE,GZRNL,12.62035036
672,image_14092023092240.jpg,15101HFAK367VU,G9N9N,4.532247782
673,image_01AAABHL.jpg,28251HFGN29YKH,GZRNL,12.15514588
674,image_01AAABMD.jpg,28061HFAK8GF39,G9N9N,5.759793997
675,image_01AAABKR.jpg,21191HFAK5UI7S,G9N9N,3.29166913
676,image_14092023071705.jpg,26171HFDD6L50E,GZRNL,11.79199409
677,image_01AAAA8T.jpg,21131HFAK5RTFO,G9N9N,6.057389498
678,image_01AAAAZO.jpg,29171HFGN2YETC,GZRNL,11.88408732
679,image_01AAAA3Z.jpg,27111HFDD76JWR,GZRNL,12.79451156
680,image_01AAABKW.jpg,28221HFAK8P02Y,G9N9N,3.343788624
681,image_01AAAA9H.jpg,25301HFDD6CKTL,GZRNL,11.72402096
682,image_01AAABHB.jpg,27221HFGN1SD2E,GZRNL,12.39416027
683,image_14092023105956.jpg,2a191hfdl1zym5,GXCA6,8.837781906
684,image_01AAAAX4.jpg,29131HFGN2VPJT,GZRNL,13.39737964
685,image_14092023093019.jpg,22021HFDD4Z4PZ,GZRNL,12.11081791
686,image_01AAABAH.jpg,28271QUH11047A,G9N9N,5.647158623
687,image_01AAABEP.jpg,28161HFAK8LW29,G9N9N,3.260890722
688,image_01AAAAZ0.jpg,N/A,GZRNL,11.92163181
689,image_01AAAAV1.jpg,N/A,N/A,11.73631167
690,image_01AAAASJ.jpg,28241HFGN292ZT,GZRNL,11.97778273
691,image_14092023063701.jpg,1A071HFAK4KSUI,G9N9N,6.715881348
692,image_14092023095509.jpg,17211HFDD37Z80,GZRNL,11.98790884
693,image_01AAAA3K.jpg,0B271HFAK21HID,G9N9N,4.834542513
694,image_01AAAA6G.jpg,24211QUH1001ZO,G9N9N,5.161832333
695,image_01AAABFC.jpg,29081HFGN2TGSC,GZRNL,11.89855194
696,image_01AAABFK.jpg,21061HFDD510QF,GZRNL,12.87155437
697,image_01AAABLV.jpg,28221HFAK8OW0K,G9N9N,4.414911509
698,image_01AAAAXM.jpg,25241HFAK758QL,G9N9N,4.521618366
699,image_01AAAAVG.jpg,22181HFDD5D58Y,GZRNL,12.79985213
700,image_01AAABDU.jpg,27161HFAK83J51,G9N9N,3.297894478
701,image_01AAABEM.jpg,28261HFGN2AT02,GZRNL,11.97758174
702,image_14092023064757.jpg,19161HFDD41FV5,GZRNL,12.77392507
703,image_01AAAAUR.jpg,26291HFGN12UMB,GZRNL,12.19179177
704,image_01AAAASF.jpg,24061HFAK6M9GA,G9N9N,5.446326971
705,image_14092023090135.jpg,21201HFDD4T1BF,GZRNL,11.94863462
706,image_01AAABFE.jpg,14021HFDD2QEGJ,GZRNL,12.52225137
707,image_14092023094228.jpg,26281HFAK7TY4J,G9N9N,3.38885951
708,image_01AAABAZ.jpg,28251HFGN2A3TM,GZRNL,12.39494872
709,image_01AAAA8W.jpg,27251HFDD75EHY,GZRNL,11.86403131
710,image_01AAABL1.jpg,28101HFGN227K9,GZRNL,12.52516961
711,image_01AAAA31.jpg,27101HFDD75F5K,GZRNL,11.82382441
712,image_01AAAAYC.jpg,28291HFAK8UP3L,G9N9N,4.983181
713,image_01AAABER.jpg,28261HFAK8SY9V,G9N9N,6.401519775
714,image_01AAAAXD.jpg,29161HFDD7K46C,GZRNL,12.04114795
715,image_01AAAA28.jpg,27111HFDD730WM,GZRNL,13.12713337
716,image_01AAAA64.jpg,23031HFAK69F7K,G9N9N,4.406775475
717,image_14092023094800.jpg,27041HFDD75961,GZRNL,12.09105802
718,image_01AAAA71.jpg,N/A,GZRNL,12.74194694
719,image_14092023095931.jpg,29031HFAK8XQ1A,G9N9N,4.46354413
720,image_01AAABHN.jpg,2A211HFGN3EKEC,GZRNL,12.7852478
721,image_01AAAAYF.jpg,29031HFDD7FA57,GZRNL,12.02596402
722,image_01AAAA30.jpg,27011HFAK7V2M5,G9N9N,5.410473347
723,image_01AAABE9.jpg,28031HFAK8DZFM,G9N9N,5.2112813
724,image_01AAABH8.jpg,28081HFAK8H1X4,G9N9N,4.52475667
725,image_01AAABGP.jpg,N/A,N/A,1.15564847
726,image_14092023075931.jpg,17161HFDD3BZU9,GZRNL,12.78710794
727,image_01AAAAT1.jpg,28181HFAK8N46U,G9N9N,5.203406811
728,image_14092023074600.jpg,21071HFAK5PQFW,G9N9N,4.432984352
729,image_14092023080345.jpg,27231HFDD73Z0V,GZRNL,12.1250937
730,image_01AAABEH.jpg,29301QUH1101FT,G9N9N,4.166939259
731,image_14092023084152.jpg,15251HFAK39509,G9N9N,4.31534481
732,image_01AAAA6N.jpg,28181QUH1005CG,G9N9N,4.111667156
733,image_01AAABDB.jpg,N/A,G9N9N,0.8128402233
734,image_14092023145910.jpg,26271HFAK7S8XU,G9N9N,4.290639877
735,image_14092023065121.jpg,2A181HFDD7V5NX,GZRNL,12.99001598
736,image_01AAAA6Y.jpg,23311QUH1000JV,G9N9N,4.103954792
737,image_01AAABH2.jpg,28261QUH120919,G9N9N,3.024351358
738,image_01AAAAXH.jpg,27191HFAK84LJG,G9N9N,4.955237865
739,image_14092023092612.jpg,21241HFDD4PD8U,GZRNL,13.74099255
740,image_01AAABES.jpg,29031HFGN2F850,GZRNL,12.20307112
741,image_01AAABMN.jpg,25071QUH1104RF,G9N9N,4.204710245
742,image_01AAAA02.jpg,29171HFGN2YF0J,GZRNL,11.68845773
743,image_14092023075127.jpg,26171HFDD6M5DX,GZRNL,12.58156252
744,image_01AAAATP.jpg,N/A,N/A,6.44E-06
745,image_01AAABI4.jpg,2C281HFGN52CVH,GZRNL,11.83127594
746,image_14092023103118.jpg,25061QUH1000CZ,G9N9N,4.229525566
747,image_14092023090622.jpg,16231HFAK3GN08,G9N9N,5.883086681
748,image_01AAAAUX.jpg,1C291HFDD4XWLS,GZRNL,11.88887715
749,image_14092023084805.jpg,27231HFDD78CL9,GZRNL,12.8571074
750,image_01AAAASK.jpg,28091HFAK8I4VA,G9N9N,4.749036551
751,image_01AAAA8D.jpg,29011HFAK8WMCZ,G9N9N,5.028654814
752,image_14092023095712.jpg,26181HFAK7MCU1,G9N9N,3.500511408
753,image_01AAABIS.jpg,27231HFGN1T31W,GZRNL,13.35846186
754,image_01AAABI9.jpg,2A271QUH1B02AY,G9N9N,4.001029968
755,image_01AAAAZ9.jpg,29181HFGN2YHXJ,GZRNL,13.31936479
756,image_01AAAA6V.jpg,29241HFGN31RKQ,GZRNL,11.86350369
757,image_01AAABI3.jpg,2B281QUH1B03QB,G9N9N,4.18183589
758,image_01AAAAVN.jpg,26221HFAK7P0MQ,G9N9N,6.168439388
759,image_01AAAA6E.jpg,29011HFAK8WJ6F,G9N9N,4.366199255
760,image_14092023151251.jpg,27111HFDD78JG9,GZRNL,12.08788204
761,image_01AAAA5C.jpg,25131QUH1001FP,G9N9N,4.510557652
762,image_01AAABHM.jpg,2A131QUH1202PC,G9N9N,5.217545033
763,image_14092023085150.jpg,17211HFDD3BZEB,GZRNL,11.96762991
764,image_14092023113002.jpg,25061QUH1000CZ,G9N9N,2.943876266
765,image_01AAAAVU.jpg,27091HFDD6YGF7,GZRNL,12.56581211
766,image_14092023072029.jpg,21201HFDD4W9Q8,GZRNL,12.23682189
767,image_14092023090303.jpg,17221HFDD319FC,GZRNL,12.32687998
768,image_01AAAA0Q.jpg,25011QUH1001UP,G9N9N,4.444677114
769,image_01AAAA2O.jpg,29281HFGN33JKD,GZRNL,12.2199378
770,image_01AAAASS.jpg,29011HFGN2DJDC,GZRNL,11.9571135
771,image_01AAAAVJ.jpg,1C081HFAK5EFP9,G9N9N,5.906899929
772,image_14092023064007.jpg,26011HFDD6HZ0V,GZRNL,11.90359974
773,image_01AAAA0S.jpg,N/A,G9N9N,4.51733923
774,image_14092023103347.jpg,29071HFAK8ZECK,G9N9N,6.454201221
775,image_01AAAA18.jpg,29191HFGN2YUT9,GZRNL,12.18996906
776,image_01AAAAZK.jpg,29271HFGN32XF8,GZRNL,13.27710485
777,image_01AAABKS.jpg,26291HFGN13FBF,GZRNL,11.91909933
778,image_01AAABAS.jpg,28241HFGN29AW8,GZRNL,12.96814799
779,image_14092023150258.jpg,26281HFAK7SZVM,G9N9N,4.502753496
780,image_01AAABF2.jpg,2B011HFDD7ZPZ5,GZRNL,12.49805212
781,image_01AAABHP.jpg,31121HFGN53VLF,GZRNL,12.30433869
782,image_01AAAA1U.jpg,29201HFGN2Z6MQ,GZRNL,12.64511943
783,image_01AAAA4T.jpg,29171HFGN2YE6Y,GZRNL,11.90861249
784,image_01AAABA6.jpg,2A011HFGN35WND,GZRNL,12.4686408
785,image_01AAAA0J.jpg,26291HFGN12UFK,GZRNL,11.76206613
786,image_01AAAAZM.jpg,29241HFGN322MZ,GZRNL,12.36057949
787,image_01AAAAXA.jpg,29101HFGN2UAP1,GZRNL,11.81534934
788,image_01AAAA5L.jpg,24221QUH1002FB,G9N9N,5.741183043
789,image_01AAAA3A.jpg,27111HFDD730WM,GZRNL,12.04709601
790,image_01AAAA1B.jpg,28181QUH11058Q,G9N9N,4.036623478
791,image_01AAABGX.jpg,25291HFDD6FTAG,GZRNL,13.15749574
792,image_01AAAAWK.jpg,27071HFDD7569G,GZRNL,12.2331233
793,image_14092023070505.jpg,23071HFAK6AQTR,G9N9N,5.773862123
794,image_01AAABDJ.jpg,28031HFAK8DV7V,G9N9N,3.28699851
795,image_01AAAA72.jpg,29011HFAK8WJ88,G9N9N,4.631182432
796,image_01AAAA5O.jpg,25111QUH1106DK,G9N9N,4.532672882
797,image_01AAAA9U.jpg,24141QUH1000DH,G9N9N,4.372919083
798,image_14092023070531.jpg,26171HFDD6L1H6,GZRNL,12.82488298
799,image_01AAAA8A.jpg,N/A,GZRNL,11.97500396
800,image_01AAAAZN.jpg,24231QUH1006A8,G9N9N,5.559729576
801,image_01AAAAYD.jpg,29031HFDD7FA57,GZRNL,11.87403655
802,image_01AAAASV.jpg,28241HFGN291G7,GZRNL,12.81535292
803,image_01AAAA9V.jpg,29231HFGN315R4,GZRNL,11.82745481
804,image_14092023150150.jpg,25231HFAK74QMB,G9N9N,4.62913537
805,image_01AAABF6.jpg,2A311HFDD7SW86,GZRNL,12.48561597
806,image_01AAAA25.jpg,N/A,G9N9N,1.972077608
807,image_14092023091022.jpg,N/A,G9N9N,5.121024847
808,image_01AAAA19.jpg,29031HFAK8XL3O,G9N9N,6.239749432
809,image_01AAAAY0.jpg,25271HFDD6FGTD,GZRNL,12.43731976
810,image_01AAABJ5.jpg,28291QUH1101CJ,G9N9N,3.24819088
811,image_01AAABFW.jpg,1C301HFAK5N7UA,G9N9N,4.771798134
812,image_01AAAA1J.jpg,24211QUH1001FC,G9N9N,5.589684725
813,image_01AAABCJ.jpg,28291HFAK8UIIP,G9N9N,4.712255955
814,image_01AAAAY5.jpg,28031HFAK8E8IB,G9N9N,4.639944792
815,image_01AAABF1.jpg,2A101HFAK9A5CL,G9N9N,4.99631691
816,image_01AAAA3R.jpg,27041HFDD77LNF,GZRNL,13.20433044
817,image_01AAAA1X.jpg,29181HFGN2YJ8A,GZRNL,11.99545646
818,image_14092023082233.jpg,29061HFAK8YGCG,G9N9N,5.2394557
819,image_01AAAA4C.jpg,N/A,G9N9N,4.746504307
820,image_01AAAA63.jpg,29201HFGN2ZD49,GZRNL,12.11351895
821,image_01AAAA2L.jpg,28191QUH1102PK,G9N9N,5.074674606
822,image_01AAABK4.jpg,27121HFAK81CON,G9N9N,3.654447794
823,image_14092023063056.jpg,25281HFDD677L1,GZRNL,11.75799227
824,image_01AAABF7.jpg,29221HFDD7W863,GZRNL,12.39490342
825,image_01AAAAWF.jpg,24091HFAK6N39Q,G9N9N,4.859737635
826,image_14092023063045.jpg,25211HFAK73GZU,G9N9N,4.895177841
827,image_14092023144847.jpg,1B171HFAK55CJF,G9N9N,4.752582073
828,image_14092023061904.jpg,26241HFDD6LQJP,GZRNL,12.40023255
829,image_01AAABDY.jpg,28261HFGN2AQT8,GZRNL,12.15890265
830,image_14092023104444.jpg,13191HFDD1Z7S5,GZRNL,11.83914208
831,image_14092023075529.jpg,21201HFDD4UEZW,GZRNL,12.56550527
832,image_01AAABDZ.jpg,28041HFAK8EW04,G9N9N,4.712977886
833,image_01AAABJD.jpg,27081HFAK7Z3GG,G9N9N,4.427459478
834,image_01AAAA6F.jpg,29191HFGN2YVNM,GZRNL,12.854177
835,image_01AAAAXZ.jpg,21251HFAK5WCOK,G9N9N,4.332523108
836,image_01AAAA9Y.jpg,N/A,G9N9N,1.909674406
837,image_01AAAA5W.jpg,0A281HFAK1RGKW,G9N9N,4.480457783
838,image_01AAAA2E.jpg,29211HFGN304G8,GZRNL,12.87638164
839,image_01AAAA5I.jpg,25141QUH1005WG,G9N9N,4.167702913
840,image_01AAABKI.jpg,28111HFGN239GD,GZRNL,13.16014457
841,image_01AAABB3.jpg,28221HFAK8PLN9,G9N9N,4.538128376
842,image_01AAABFT.jpg,2A311HFDD7T0KQ,GZRNL,12.07593536
843,image_01AAAAYY.jpg,22161HFDD53XX0,GZRNL,12.68217587
844,image_01AAABAP.jpg,28021HFAK8DLQN,G9N9N,4.88712883
845,image_14092023095814.jpg,27111HFDD78NKB,GZRNL,13.25958323
846,image_01AAAA7D.jpg,29141HFGN2W75A,GZRNL,11.9180038
847,image_01AAABCU.jpg,29031HFGN2F70Y,GZRNL,12.53244901
848,image_01AAAA3W.jpg,27011HFAK7V4E9,G9N9N,4.46724391
849,image_14092023111139.jpg,29231HFGN316VJ,GZRNL,12.62723184
850,image_14092023074228.jpg,17221HFDD3B0SC,GZRNL,12.45961714
851,image_01AAABMB.jpg,2B091HFGN3GG93,GZRNL,12.9388907
852,image_01AAABIV.jpg,27051HFAK7X8N5,G9N9N,4.565671682
853,image_14092023061407.jpg,21251HFDD4TSB0,GZRNL,12.05270171
854,image_01AAABJ7.jpg,N/A,GZRNL,12.79753041
855,image_14092023091949.jpg,N/A,N/A,10.95283365
856,image_01AAAAXC.jpg,26071HFDD6ESL3,GZRNL,12.40882492
857,image_01AAAA48.jpg,28181QUH1105BZ,G9N9N,4.36538291
858,image_01AAAA15.jpg,24221QUH1004ZM,G9N9N,4.307111025
859,image_01AAAA52.jpg,29071HFAK8ZOQH,G9N9N,6.016196966
860,image_01AAABHX.jpg,29301HFGN35A7N,GZRNL,11.66954327
861,image_01AAABLE.jpg,25131QUH10074S,G9N9N,3.354349375
862,image_01AAAAX3.jpg,27111HFAK80SC8,G9N9N,5.029332399
863,image_01AAAA4I.jpg,28191QUH1103EC,G9N9N,5.827610493
864,image_14092023110827.jpg,29231HFGN316VJ,GZRNL,11.96934581
865,image_01AAAAUS.jpg,24181HFAK6OLMF,G9N9N,5.137140512
866,image_01AAABCW.jpg,2A011HFGN35XMK,GZRNL,13.06007838
867,image_01AAABEZ.jpg,28101HFAK8JKJ3,G9N9N,3.641162395
868,image_01AAAAZH.jpg,2B071QUH1A01WS,G9N9N,4.146164656
869,image_01AAAA2D.jpg,24081QUH1002PP,G9N9N,4.811133146
870,image_01AAABIY.jpg,29291HFGN34N2U,GZRNL,12.40389848
871,image_01AAAAS8.jpg,27131HFAK82205,G9N9N,4.548230886
872,image_01AAAA61.jpg,28311HFGN2CYPN,GZRNL,12.86803126
873,image_01AAAAYX.jpg,N/A,GZRNL,11.59925365
874,image_01AAAA5E.jpg,N/A,G9N9N,1.907212973
875,image_01AAABJC.jpg,28241HFGN296UC,GZRNL,12.96261358
876,image_01AAAA36.jpg,25231HFAK74DF8,G9N9N,4.646502972
877,image_14092023101932.jpg,28301HFDD7DEW9,GZRNL,13.17204833
878,image_01AAABFP.jpg,27231HFGN1T0MA,GZRNL,11.91229653
879,image_01AAABCD.jpg,28241HFAK8Q9NQ,G9N9N,5.465945721
880,image_14092023150637.jpg,26251HFAK7RKHS,G9N9N,4.93937397
881,image_01AAABA2.jpg,29081HFGN2TM2Z,GZRNL,11.87037277
882,image_14092023101610.jpg,22031HFDD4VVAF,GZRNL,12.77981472
883,image_01AAABHV.jpg,28241HFGN296EF,GZRNL,11.85081863
884,image_01AAABF9.jpg,2B031HFDD8CQFK,GZRNL,12.8468287
885,image_14092023075358.jpg,26011HFAK7B2LF,G9N9N,4.384542942
886,image_01AAAAUY.jpg,1C281HFAK5MGWT,G9N9N,4.757973194
887,image_01AAABF4.jpg,29221HFDD80DWN,GZRNL,13.1653254
888,image_01AAABBT.jpg,28031HFAK8DTYH,G9N9N,4.485548258
889,image_14092023150830.jpg,29151HFDD7G30X,GZRNL,12.85455418
890,image_01AAAA89.jpg,26291HFAK7U6YI,G9N9N,4.630609035
891,image_01AAABL2.jpg,28041HFAK8EUHK,G9N9N,3.466987133
892,image_14092023105513.jpg,27011HFAK7V5VK,G9N9N,4.541207552
893,image_01AAAA7U.jpg,25271HFAK781DX,G9N9N,4.740417242
894,image_01AAAAZC.jpg,27261HFDD75EJ0,GZRNL,13.19337964
895,image_01AAABC9.jpg,N/A,G9N9N,3.541986465
896,image_14092023105944.jpg,25061QUH1000CZ,G9N9N,3.053228855
897,image_01AAABIO.jpg,28191HFGN26FBD,GZRNL,13.63228631
898,image_01AAAAZ7.jpg,29201HFGN2ZCKG,GZRNL,11.93537593
899,image_01AAAA7H.jpg,26141HFGN0V6D7,GZRNL,12.81579161
900,image_01AAABLD.jpg,27191HFGN16BGC,GZRNL,11.98941636
901,image_14092023063758.jpg,13191HFAK2UZ8F,G9N9N,6.21558547
902,image_01AAAA6I.jpg,29051HFAK8YI9B,G9N9N,4.705961943
903,image_14092023080607.jpg,22031HFDD4B2TZ,GZRNL,11.91470838
904,image_01AAABD5.jpg,28091HFAK8HOWV,G9N9N,4.070399523
905,image_01AAAA4K.jpg,N/A,G9N9N,2.52116251
906,image_01AAABJT.jpg,28101HFAK8JBMQ,G9N9N,4.177972794
907,image_01AAABGF.jpg,29151HFDD7ATQ3,GZRNL,11.91767025
908,image_01AAABH0.jpg,22101HFAK62OM6,G9N9N,3.528826237
909,image_01AAAA3P.jpg,23281HFDD5NMGA,GZRNL,12.75568247
910,image_14092023102219.jpg,26161HFDD6SXP9,GZRNL,12.01395798
911,image_01AAAA6X.jpg,29271HFGN337SF,GZRNL,12.67438483
912,image_01AAAAUK.jpg,28181HFAK8N7VS,G9N9N,4.549350262
913,image_01AAAASZ.jpg,26131QUH1004FK,G9N9N,4.557352781
914,image_01AAABHH.jpg,28291HFGN2BTZW,GZRNL,13.21379256
915,image_01AAABHW.jpg,28271QUH11063P,G9N9N,2.909112453
916,image_14092023104718.jpg,26281HFAK7TWJM,G9N9N,4.766297817
917,image_01AAAA55.jpg,29191HFGN2YTPC,GZRNL,12.38727689
918,image_01AAABBC.jpg,28191HFGN26Y3D,GZRNL,11.85634518
919,image_01AAABDF.jpg,N/A,G9N9N,1.054748535
920,image_01AAABKQ.jpg,N/A,N/A,12.31536317
921,image_14092023084044.jpg,21071HFAK5PPSO,G9N9N,5.018978119
922,image_14092023111120.jpg,3129HT002IE,GJ2CQ,20.81969094
923,image_01AAAA0L.jpg,28221HFGN284N8,GZRNL,12.8236835
924,image_14092023111058.jpg,29231HFGN316VJ,GZRNL,12.04042888
925,image_01AAABH4.jpg,27151HFAK839MK,G9N9N,4.540723085
926,image_01AAABFZ.jpg,26081HFDD6CHJ6,GZRNL,12.60859323
927,image_01AAAATN.jpg,N/A,G9N9N,1.886080742
928,image_14092023151513.jpg,27051HFDD73XPX,GZRNL,13.2780633
929,image_01AAAAR3.jpg,27211HFDD74JZ8,GZRNL,11.97136259
930,image_14092023092825.jpg,29021HFAK8WURK,G9N9N,4.709052086
931,image_01AAABBH.jpg,2A261QUH1C08RZ,G9N9N,5.587803841
932,image_01AAAAVT.jpg,N/A,G9N9N,4.117619038
933,image_01AAAA2S.jpg,29201HFGN2ZBWW,GZRNL,11.94357109
934,image_01AAAA17.jpg,29011HFAK8W7WD,G9N9N,5.29749918
935,image_01AAABCH.jpg,28171HFAK8MPBD,G9N9N,5.403267622
936,image_01AAABHQ.jpg,28101HFAK8JIXK,G9N9N,4.874356508
937,image_01AAABAK.jpg,N/A,G9N9N,4.633782625
938,image_14092023150714.jpg,27121HFDD721JF,GZRNL,13.32210207
939,image_01AAABLB.jpg,28171HFGN25QBL,GZRNL,12.04376698
940,image_01AAABG6.jpg,N/A,GZRNL,12.90408611
941,image_14092023073202.jpg,N/A,G9N9N,4.574890375
942,image_14092023090126.jpg,1C181HFAK5IZKY,G9N9N,4.620862961
943,image_01AAAA1Y.jpg,N/A,GZRNL,12.95550156
944,image_01AAAA6T.jpg,29171HFGN2YE08,GZRNL,11.9297545
945,image_14092023095707.jpg,3129HT002IE,GJ2CQ,19.81756783
946,image_14092023062641.jpg,26231HFDD6TU4Q,GZRNL,12.13853216
947,image_01AAAAVQ.jpg,25141HFDD5Z8GU,GZRNL,11.65070534
948,image_01AAABL6.jpg,2A271QUH1A038R,G9N9N,3.043494701
949,image_14092023150311.jpg,27111HFDD74TH5,GZRNL,12.26053405
950,image_01AAAAZF.jpg,1C281HFAK5M9AP,G9N9N,4.491534472
951,image_01AAAA5M.jpg,28191QUH1200NO,G9N9N,4.263295412
952,image_01AAABIA.jpg,2B281QUH1B035K,G9N9N,4.101396799
953,image_01AAAAVK.jpg,21061HFDD4PFVM,GZRNL,11.82026553
954,image_01AAAAWC.jpg,27271HFDD75F7Z,GZRNL,12.53492594
955,image_14092023093103.jpg,16151HFAK3DJL5,G9N9N,4.530699015
956,image_01AAAA4X.jpg,29201HFGN2ZCP0,GZRNL,12.19900346
957,image_01AAABJN.jpg,26221HFAK7OILN,G9N9N,6.061964035
958,image_01AAAA7V.jpg,26091HFDD6B39B,GZRNL,11.91229796
959,image_01AAABLQ.jpg,29091HFGN2TXGZ,GZRNL,13.32866693
960,image_14092023071441.jpg,1C201HFAK5J4CA,G9N9N,4.505110025
961,image_01AAAA6M.jpg,29241HFGN31Q5W,GZRNL,12.45825768
962,image_14092023063906.jpg,21241HFDD4R5MV,GZRNL,12.82575917
963,image_01AAAA9X.jpg,29181HFGN2YHYC,GZRNL,13.02723336
964,image_01AAABJB.jpg,28151HFAK8KTRJ,G9N9N,4.545551062
965,image_01AAAA8S.jpg,27041HFDD73LYB,GZRNL,12.17576456
966,image_01AAABDO.jpg,29031HFGN2F8HC,GZRNL,12.86182785
967,image_01AAABGY.jpg,29291HFGN34P74,GZRNL,12.21831965
968,image_01AAAA0B.jpg,29181HFGN2YHLN,GZRNL,12.77303553
969,image_14092023082807.jpg,26231HFDD6NQBS,GZRNL,12.69577456
970,image_01AAAA38.jpg,27131HFAK81YIN,G9N9N,4.279096603
971,image_01AAAA9Z.jpg,29171HFGN2YF4M,GZRNL,11.95485115
972,image_14092023083700.jpg,1C181HFAK5IRRX,G9N9N,5.975042343
973,image_14092023061838.jpg,21131HFAK5RDDY,G9N9N,4.505012989
974,image_01AAAA5G.jpg,29171HFGN2YE26,GZRNL,12.10808039
975,image_14092023064211.jpg,26241HFDD6T1JR,GZRNL,12.46695995
976,image_01AAABGN.jpg,17101HFDD2DHEN,GZRNL,12.07956743
977,image_01AAABCK.jpg,29031HFGN2F6SA,GZRNL,12.7194941
978,image_14092023103820.jpg,29011HFAK8WHHG,G9N9N,4.977294922
979,image_01AAABB9.jpg,28181HFAK8NF7S,G9N9N,5.641357422
980,image_01AAAATV.jpg,27281HFAK8AD6K,G9N9N,4.581945658
981,image_14092023101912.jpg,28221HFAK8PAJX,G9N9N,4.303246737
982,image_01AAABCC.jpg,29031HFGN2F75H,GZRNL,12.13775373
983,image_01AAAA7P.jpg,27121HFDD714CU,GZRNL,12.88608694
984,image_01AAAAY4.jpg,27271HFDD75KHB,GZRNL,12.23978996
985,image_01AAAA40.jpg,28291QUH1102BH,G9N9N,5.126904011
986,image_01AAAAWL.jpg,21131HFAK5RHEZ,G9N9N,4.406477928
987,image_14092023091845.jpg,29071HFAK8ZFB2,G9N9N,4.500925303
988,image_01AAAA1H.jpg,28111HFAK8K6M1,G9N9N,4.735800028
989,image_01AAABJX.jpg,27051HFAK7X626,G9N9N,3.978179932
990,image_14092023072820.jpg,26171HFDD6TXQ3,GZRNL,12.19708037
991,image_14092023144951.jpg,26171HFAK7M3K3,G9N9N,5.140007257
992,image_01AAAA5H.jpg,25131QUH1001IY,G9N9N,4.460760832
993,image_01AAABDH.jpg,28241HFGN29A3K,GZRNL,13.12201667
994,image_01AAAA2G.jpg,29281HFGN33T8C,GZRNL,12.42540145
995,image_01AAAAU4.jpg,21131HFAK5S6JD,G9N9N,4.769688129
996,image_14092023062751.jpg,N/A,G9N9N,4.630759716
997,image_01AAAA60.jpg,28231HFAK8PUGY,G9N9N,4.641361475
998,image_14092023092104.jpg,29201HFDD7KQKE,GZRNL,13.51402783
999,image_14092023064255.jpg,26281HFAK7SWV7,G9N9N,4.687125921
1000,image_01AAAA6S.jpg,25131QUH1003SO,G9N9N,4.236172676
1001,image_14092023074003.jpg,17221HFDD34CRH,GZRNL,12.91559768
1002,image_01AAAA2V.jpg,N/A,G9N9N,2.083065271
1003,image_14092023083930.jpg,23111HFAK6C9CQ,G9N9N,4.735157251
1004,image_01AAAAVR.jpg,23191HFAK6FIAG,G9N9N,4.698807001
1005,image_14092023073025.jpg,26171HFDD6WKNR,GZRNL,13.23434544
1006,image_01AAAA7B.jpg,29271HFGN339BJ,GZRNL,12.2004559
1007,image_01AAAA76.jpg,27111HFDD75RSN,GZRNL,12.87621737
1008,image_14092023145130.jpg,27131HFAK81N7B,G9N9N,4.592470646
1009,image_01AAAA3U.jpg,26011HFAK7BDCD,G9N9N,4.743919849
1010,image_01AAAA3V.jpg,26251HFDD6SKS3,GZRNL,12.76726842
1011,image_01AAAAW5.jpg,25191HFDD5G9HA,GZRNL,12.07005787
1012,image_01AAABEY.jpg,28241HFGN299L6,GZRNL,12.21065855
1013,image_01AAABGR.jpg,29261HFDD7U7YN,GZRNL,12.87658238
1014,image_14092023091732.jpg,1A051HFAK4JN45,G9N9N,4.43949604
1015,image_01AAAA3Y.jpg,N/A,GZRNL,12.16381264
1016,image_01AAABCB.jpg,28271HFAK8TLTF,G9N9N,5.71540451
1017,image_01AAABFO.jpg,27141HFAK82KWA,G9N9N,4.46824646
1018,image_01AAAA0M.jpg,25271HFAK785YJ,G9N9N,4.565006733
1019,image_14092023092733.jpg,21241HFDD4BTDK,GZRNL,13.39553618
1020,image_01AAAAS0.jpg,2A061HFGN37ZAM,GZRNL,11.79487395
1021,image_01AAAA34.jpg,25231HFAK74PM2,G9N9N,4.451350451
1022,image_01AAABDA.jpg,28241HFGN29AZY,GZRNL,13.21581459
1023,image_01AAAASW.jpg,27131HFAK82D4X,G9N9N,4.540615797
1024,image_01AAAAZ4.jpg,24151QUH1101BY,G9N9N,4.211805582
1025,image_01AAABMT.jpg,27061HFAK7XNXC,G9N9N,4.702062607
1026,image_01AAABJH.jpg,27081HFAK7Z3LR,G9N9N,6.399834871
1027,image_01AAAA3L.jpg,22181HFDD5834B,GZRNL,11.81690311
1028,image_01AAABE0.jpg,28181HFGN26ASY,GZRNL,12.55941772
1029,image_01AAAATD.jpg,28241HFGN294MB,GZRNL,11.91366601
1030,image_14092023085227.jpg,1C201HFAK5J9GW,G9N9N,4.772493124
1031,image_01AAAAY8.jpg,22161HFDD5CWS6,GZRNL,12.39516664
1032,image_01AAABE5.jpg,N/A,G9N9N,1.864262104
1033,image_01AAAA1N.jpg,29061HFAK8YT5X,G9N9N,4.505239725
1034,image_01AAAAR4.jpg,25061QUH1000CZ,G9N9N,4.862945795
1035,image_14092023074856.jpg,19291HFAK4EG9W,G9N9N,5.772782564
1036,image_01AAAAWY.jpg,26241HFDD6TH34,GZRNL,12.02394819
1037,image_01AAAA9M.jpg,25131HFAK6ZXE3,G9N9N,4.695269346
1038,image_01AAAAZW.jpg,29171HFGN2YELN,GZRNL,13.21439958
1039,image_14092023062351.jpg,26041QUH10030B,G9N9N,4.316018343
1040,image_01AAAA5X.jpg,29191HFGN2YTJB,GZRNL,12.7289021
1041,image_01AAAAXR.jpg,29101HFGN2UAP1,GZRNL,11.86222148
1042,image_01AAABAG.jpg,28221HFGN28382,GZRNL,12.47596097
1043,image_14092023080717.jpg,0A271HFDD0N8ZY,GZRNL,11.97180438
1044,image_01AAABKH.jpg,N/A,G9N9N,3.884352922
1045,image_01AAAA2I.jpg,29201HFGN2ZC5B,GZRNL,11.87015104
1046,image_01AAABJA.jpg,2B101HFGN3GP5K,GZRNL,12.73215532
1047,image_01AAABBU.jpg,28121HFGN23AAA,GZRNL,11.84783125
1048,image_01AAAA01.jpg,24231QUH1001FH,G9N9N,4.669438839
1049,image_01AAABCP.jpg,28031HFAK8E3AC,G9N9N,6.522149086
1050,image_01AAABIE.jpg,27221HFGN1SAG1,GZRNL,11.82036424
1051,image_01AAABLZ.jpg,26301HFGN142UF,GZRNL,13.19385052
1052,image_14092023082547.jpg,29011HFAK8W8D7,G9N9N,4.357856512
1053,image_14092023061122.jpg,24081HFAK6MYCW,G9N9N,4.753167391
1054,image_01AAAATU.jpg,28251HFGN29TKD,GZRNL,13.03538442
1055,image_14092023095348.jpg,N/A,G9N9N,0.7994422913
1056,image_01AAAA4H.jpg,28191QUH1103IP,G9N9N,4.410631895
1057,image_01AAAAW2.jpg,N/A,G9N9N,5.032561779
1058,image_01AAAA21.jpg,N/A,G9N9N,1.959867001
1059,image_01AAAA77.jpg,28201QUH1102KM,G9N9N,4.441247702
1060,image_01AAAATH.jpg,23281QUH1001Y2,G9N9N,5.769908905
1061,image_14092023100726.jpg,29231HFGN316VJ,GZRNL,11.7993288
1062,image_01AAAA11.jpg,N/A,G9N9N,1.843891144
1063,image_01AAABAR.jpg,28161HFAK8LWJ6,G9N9N,5.196077585
1064,image_14092023094921.jpg,26161HFDD6Q7J9,GZRNL,13.07524538
1065,image_14092023103856.jpg,29151HFDD7PFNU,GZRNL,12.40707874
1066,image_14092023145929.jpg,27121HFDD76V6Q,GZRNL,12.39441633
1067,image_14092023091744.jpg,22031HFDD4NLT8,GZRNL,12.60180306
1068,image_01AAAA0R.jpg,29201HFGN2ZC3Q,GZRNL,12.00523472
1069,image_01AAAA5Y.jpg,2A051QUH12021E,G9N9N,4.962439299
1070,image_01AAAA68.jpg,28181QUH1009AN,G9N9N,5.383237362
1071,image_01AAABLA.jpg,28041HFAK8EYWP,G9N9N,3.291178942
1072,image_01AAAA96.jpg,28161HFAK8LZWA,G9N9N,4.60421133
1073,image_01AAAA10.jpg,29231HFGN31HW2,GZRNL,12.54660463
1074,image_01AAAA5P.jpg,29141HFGN2W69H,GZRNL,12.90056467
1075,image_14092023105103.jpg,27051HFDD76SAB,GZRNL,13.02059412
1076,image_14092023085404.jpg,21201HFDD51SH1,GZRNL,11.95354486
1077,image_14092023070813.jpg,22021HFDD509SG,GZRNL,12.98745131
1078,image_01AAAA7X.jpg,27041HFDD74BMD,GZRNL,11.93444633
1079,image_01AAAA83.jpg,25231HFAK74PL6,G9N9N,4.747004032
1080,image_01AAABL5.jpg,2B101HFGN3GNX3,GZRNL,13.25982976
1081,image_01AAAAZE.jpg,22171HFDD54133,GZRNL,12.04620075
1082,image_01AAABFV.jpg,N/A,GZRNL,12.92613864
1083,image_01AAABCI.jpg,28251HFGN2A1JW,GZRNL,12.24411654
1084,image_14092023151459.jpg,25211HFAK73SH6,G9N9N,4.346700907
1085,image_01AAABG8.jpg,N/A,G9N9N,1.822814941
1086,image_01AAAAVD.jpg,27221HFGN1S7Z2,GZRNL,12.54103947
1087,image_14092023145436.jpg,29151HFDD7K90L,GZRNL,13.12377667
1088,image_01AAABCN.jpg,28241HFAK8QHAB,G9N9N,4.519167423
1089,image_01AAAA7I.jpg,29011HFAK8WHIZ,G9N9N,4.538006783
1090,image_01AAABE8.jpg,28181HFGN25TPG,GZRNL,13.44313478
1091,image_14092023111127.jpg,29231HFGN316VJ,GZRNL,12.24138594
1092,image_14092023111100.jpg,3129HT002IE,GJ2CQ,19.99459958
1093,image_01AAABBM.jpg,29081HFGN2TGDT,GZRNL,12.32753372
1094,image_01AAABC2.jpg,28181HFGN25T0Q,GZRNL,12.44853282
1095,image_01AAABLU.jpg,28301HFGN2C361,GZRNL,12.25052762
1096,image_01AAABMJ.jpg,28251HFAK8RPNS,G9N9N,4.537038088
1097,image_01AAAA70.jpg,N/A,G9N9N,2.057457685
1098,image_01AAAA5B.jpg,29171HFGN2YDCU,GZRNL,12.99912143
1099,image_01AAABHD.jpg,31121HFGN53V4Q,GZRNL,12.10184002
1100,image_01AAAAYL.jpg,25191HFDD5HUHX,GZRNL,12.30715823
1101,image_01AAAA5K.jpg,29201HFGN2ZBYW,GZRNL,12.55542898
1102,image_01AAABGZ.jpg,22211HFAK66N85,G9N9N,4.75335288
1103,image_14092023150917.jpg,25211HFAK73B17,G9N9N,4.674145699
1104,image_14092023071914.jpg,1C201HFAK5J9H8,G9N9N,4.703072548
1105,image_01AAAA8P.jpg,29031HFAK8X9BC,G9N9N,5.103467464
1106,image_01AAAA51.jpg,29201HFGN2Z99J,GZRNL,12.55384088
1107,image_14092023104604.jpg,N/A,GZRNL,12.94456911
1108,image_01AAAA0N.jpg,26021HFDD6A3SX,GZRNL,11.79049993
1109,image_01AAABGO.jpg,N/A,N/A,5.227235794
1110,image_14092023085801.jpg,22021HFDD4U8HQ,GZRNL,12.73240399
1111,image_01AAAAT4.jpg,22171HFAK654WO,G9N9N,4.603045225
1112,image_01AAAA6L.jpg,29201HFGN2ZBWH,GZRNL,13.31580377
1113,image_01AAAAWG.jpg,25141HFDD65HVA,GZRNL,11.87938094
1114,image_01AAAATB.jpg,28171HFAK8MJZ6,G9N9N,4.659279823
1115,image_01AAABK5.jpg,27231HFGN1T1TK,GZRNL,12.54109406
1116,image_14092023102429.jpg,25181HFAK71US6,G9N9N,5.127617359
1117,image_01AAABK3.jpg,27221HFGN1S9BK,GZRNL,12.89662433
1118,image_01AAABLH.jpg,28151HFAK8L6TG,G9N9N,4.880903482
1119,image_01AAAA4L.jpg,29241HFGN31QL3,GZRNL,12.51645041
1120,image_01AAAA4B.jpg,26161HFDD6P8XV,GZRNL,11.80240417
1121,image_01AAABLN.jpg,28261HFAK8SL7V,G9N9N,4.463654041
1122,image_14092023144620.jpg,27111HFDD76NF1,GZRNL,12.84059119
1123,image_01AAABMU.jpg,27231HFGN1SXPB,GZRNL,12.59053874
1124,image_01AAABB5.jpg,27111HFAK8OVCV,G9N9N,4.437483311
1125,image_14092023150055.jpg,27051HFDD7691X,GZRNL,12.17024612
1126,image_01AAAA4V.jpg,28061HFAK8G9SF,G9N9N,5.700494766
1127,image_01AAABB4.jpg,28261HFGN2AR4S,GZRNL,12.10223722
1128,image_01AAAAYS.jpg,1C291HFAK5MXKO,G9N9N,4.499626637
1129,image_01AAABDG.jpg,2A201HFGN3E027,GZRNL,12.63926268
1130,image_01AAAAUN.jpg,22051HFAK60SEY,G9N9N,3.415240765
1131,image_01AAAASG.jpg,28231HFGN28TFX,GZRNL,13.57850289
1132,image_01AAAA6D.jpg,29191HFGN2YTZC,GZRNL,11.91066742
1133,image_01AAABCY.jpg,28181HFGN26CE3,GZRNL,13.29192686
1134,image_01AAABLW.jpg,28011HFAK8C4IE,G9N9N,3.266592979
1135,image_01AAABBX.jpg,08111HFAK197KX,G9N9N,4.733985662
1136,image_14092023091336.jpg,1C201HFAK5JIRF,G9N9N,4.573473454
1137,image_01AAABH1.jpg,26171HFGN0WQ1B,GZRNL,13.44508648
1138,image_01AAAA9O.jpg,28271HFAK8TNY7,G9N9N,4.854942083
1139,image_01AAAA4Q.jpg,29171HFGN2YEWT,GZRNL,12.45599198
1140,image_01AAAAXU.jpg,19291HFAK4EF87,G9N9N,5.95506525
1141,image_14092023095049.jpg,29011HFAK8WBSA,G9N9N,3.286664248
1142,image_01AAAAXS.jpg,22211HFAK66DHD,G9N9N,4.457690001
1143,image_01AAABBY.jpg,19141HFDD47CHC,GZRNL,13.02457285
1144,image_01AAAA54.jpg,29071HFAK8ZMKQ,G9N9N,4.763615847
1145,image_14092023095407.jpg,N/A,G9N9N,1.089687347
1146,image_01AAAA6J.jpg,29211HFGN307XZ,GZRNL,12.08744454
1147,image_14092023084540.jpg,21201HFDD4D8J4,GZRNL,13.00766778
1148,image_01AAABJV.jpg,27181HFAK845SX,G9N9N,3.45705986
1149,image_01AAABEI.jpg,2A201HFGN3E1WH,GZRNL,13.24969721
1150,image_01AAABEU.jpg,27221HFGN1SDG4,GZRNL,11.89363718
1151,image_01AAAAX0.jpg,27211HFGN1RLCF,GZRNL,12.86973929
1152,image_01AAAA6Q.jpg,24081QUH1002ML,G9N9N,3.897502661
1153,image_01AAAAYG.jpg,15241HFAK38YJZ,G9N9N,4.488560677
1154,image_01AAAA8B.jpg,25231HFAK74CW9,G9N9N,4.977828503
1155,image_01AAAAWM.jpg,25191HFDD5TMGX,GZRNL,13.34927106
1156,image_01AAAASQ.jpg,29011HFGN2DJDC,GZRNL,12.52405095
1157,image_14092023150703.jpg,26251HFAK7RKHS,G9N9N,5.300224781
1158,image_14092023101419.jpg,25121HFAK8YZ4E,G9N9N,4.472834826
1159,image_01AAABLO.jpg,2B101HFGN3GMZX,GZRNL,12.13006234
1160,image_01AAABKY.jpg,27051HFAK7XAL9,G9N9N,4.495870113
1161,image_14092023075035.jpg,23071HFAK6APAD,G9N9N,4.435074568
1162,image_01AAAAVC.jpg,27131HFAK82FUD,G9N9N,4.669885635
1163,image_01AAAA0V.jpg,25121QUH10019U,G9N9N,4.097597837
1164,image_01AAAASE.jpg,29271HFGN32UMY,GZRNL,13.6838727
1165,image_01AAAAU7.jpg,16051HFDD28PVA,GZRNL,12.15691257
1166,image_01AAAAS9.jpg,27231HFGN1T9AE,GZRNL,12.78836417
1167,image_01AAAAXL.jpg,21241HFDD4QF0T,GZRNL,12.11480165
1168,image_01AAABFH.jpg,2A181HFAK9CGZF,G9N9N,6.506473064
1169,image_14092023103403.jpg,29211HFDD81ZVR,GZRNL,11.77624416
1170,image_14092023102045.jpg,25231HFAK74PDM,G9N9N,4.758209467
1171,image_14092023062031.jpg,26241HFDD6LQJP,GZRNL,12.47228932
1172,image_14092023063811.jpg,21241HFDD4F17C,GZRNL,12.00934601
1173,image_01AAAAVE.jpg,N/A,G9N9N,5.838356495
1174,image_01AAAA9E.jpg,N/A,G9N9N,4.374586821
1175,image_01AAAAYE.jpg,29031HFDD7FA57,GZRNL,12.3289187
1176,image_01AAAA9I.jpg,N/A,G9N9N,5.561754227
1177,image_01AAABJL.jpg,28091HFAK812RS,G9N9N,4.823153496
1178,image_01AAABIN.jpg,28061HFAK8FYLX,G9N9N,4.485493898
1179,image_14092023094305.jpg,27121HFDD75S0X,GZRNL,12.95937252
1180,image_14092023103701.jpg,29151HFDD7PFNU,GZRNL,11.86850333
1181,image_01AAAA7N.jpg,27041HFDD75Y74,GZRNL,12.82799721
1182,image_01AAABC6.jpg,28111HFGN238RN,GZRNL,11.89872503
1183,image_01AAAA5S.jpg,25111QUH100A26,G9N9N,4.078414679
1184,image_14092023084947.jpg,21201HFDD50U36,GZRNL,13.01423216
1185,image_14092023100012.jpg,27231HFDD73J0T,GZRNL,12.43366385
1186,image_01AAABMI.jpg,2B161HFGN3H41Y,GZRNL,12.37488675
1187,image_14092023083713.jpg,31251HFGN55B5D,GZRNL,12.62193632
1188,image_14092023093220.jpg,N/A,G9N9N,2.273761988
1189,image_14092023062409.jpg,28101HFAK8J3HW,G9N9N,4.761832237
1190,image_01AAAAXG.jpg,22211HFDD55J3W,GZRNL,13.01975012
1191,image_14092023093129.jpg,17221HFDD3GF6Z,GZRNL,12.05998087
1192,image_01AAAASA.jpg,29231HFGN316VJ,GZRNL,12.73694253
1193,image_14092023083025.jpg,19301HFDD49HJX,GZRNL,12.06558514
1194,image_14092023072710.jpg,1B151HFAK54BWC,G9N9N,4.657945633
1195,image_01AAAAUD.jpg,N/A,G9N9N,2.298698902
1196,image_14092023101922.jpg,28301HFDD7DEW9,GZRNL,12.32828116
1197,image_01AAAAYR.jpg,23081HFDD59G44,GZRNL,12.94636679
1198,image_14092023061740.jpg,15081HFDD2GJ21,GZRNL,12.03149223
1199,image_01AAABFY.jpg,24071HFAK6MEVT,G9N9N,4.715262175
1200,image_01AAABJ0.jpg,28231HFGN28BPX,GZRNL,13.35118628
1201,image_01AAAA4A.jpg,23121HFAK6CXIM,G9N9N,4.575450182
1202,image_01AAABIU.jpg,2C281HFGN52DK5,GZRNL,13.04682255
1203,image_01AAABAC.jpg,29161QUH1204GW,G9N9N,4.292816401
1204,image_14092023104909.jpg,27111HFDD79TL6,GZRNL,12.1804049
1205,image_01AAAAYB.jpg,29031HFDD7HQNH,GZRNL,13.30239224
1206,image_14092023090235.jpg,16231HFAK3GKOQ,G9N9N,4.607697248
1207,image_14092023080220.jpg,27231HFDD74XW4,GZRNL,13.25234318
1208,image_01AAABHI.jpg,28081HFAK8H89A,G9N9N,3.386920929
1209,image_01AAABI5.jpg,27051HFAK7X607,G9N9N,4.763246536
1210,image_01AAABMS.jpg,28241HFGN29A83,GZRNL,13.20582533
1211,image_14092023084656.jpg,29031HFDD7BCF2,GZRNL,11.74065709
1212,image_01AAABAD.jpg,2A201HFGN3E0KD,GZRNL,12.87847447
1213,image_14092023110149.jpg,3129HT002IE,GJ2CQ,19.45030069
1214,image_01AAAA2X.jpg,24211QUH10028B,G9N9N,4.079334021
1215,image_01AAAAZ3.jpg,29061HFGN2G2WF,GZRNL,12.61368871
1216,image_01AAAAU3.jpg,27071HFDD6ZVDF,GZRNL,12.29539585
1217,image_01AAAA47.jpg,28221HFGN285JZ,GZRNL,15.38524032
1218,image_01AAAAYH.jpg,16071HFDD270N9,GZRNL,13.28931737
1219,image_01AAAAV6.jpg,26241HFDD6N537,GZRNL,15.22841644
1220,image_14092023084427.jpg,29031HFDD7K1EJ,GZRNL,12.99300075
1221,image_01AAAAZD.jpg,1A081HFAK4MFDB,G9N9N,5.880454302
1222,image_01AAABCO.jpg,28291HFGN2BSBK,GZRNL,13.0002749
1223,image_01AAAA8J.jpg,27141HFAK82QN3,G9N9N,5.332524776
1224,image_01AAABB2.jpg,28291HFGN2BV31,GZRNL,13.4917562
1225,image_01AAABMV.jpg,1C171HFAK5I0SV,G9N9N,5.383032084
1226,image_01AAABAQ.jpg,28101HFGN229SP,GZRNL,15.88802147
1227,image_14092023073944.jpg,N/A,N/A,11.29747367
1228,image_01AAAA3O.jpg,1A061HFAK4K4UR,G9N9N,5.193877697
1229,image_14092023090732.jpg,17221HFDD3C68B,GZRNL,13.59097743
1230,image_01AAAAZT.jpg,27201HFAK86289,G9N9N,4.744735479
1231,image_14092023091032.jpg,21241HFDD524GG,GZRNL,14.76697755
1232,image_01AAAAYP.jpg,27211HFDD79P6U,GZRNL,11.96833038
1233,image_01AAAAYV.jpg,22161HFDD53XX0,GZRNL,12.62697148
1234,image_01AAABAY.jpg,28181HFAK8N1BT,G9N9N,4.847393751
1235,image_14092023072841.jpg,26171HFDD6TXQ3,GZRNL,12.60201311
1236,image_01AAABC4.jpg,28121HFGN23AJL,GZRNL,12.90614724
1237,image_14092023150531.jpg,27111HFDD76GLK,GZRNL,14.44638848
1238,image_01AAAA9A.jpg,27111HFDD75CVZ,GZRNL,12.49148393
1239,image_14092023105835.jpg,29231HFGN316VJ,GZRNL,13.87839818
1240,image_01AAABA4.jpg,29031HFGN2F7X9,GZRNL,12.44993925
1241,image_14092023150039.jpg,25211HFAK73SIK,G9N9N,4.983942509
1242,image_01AAAAWZ.jpg,26031HFAK7C5M8,G9N9N,6.409042835
1243,image_01AAAA4S.jpg,29081HFGN2TE2B,GZRNL,12.15322661
1244,image_01AAABDE.jpg,27231HFGN1SZFT,GZRNL,13.74423838
1245,image_01AAABCA.jpg,28241HFGN298G6,GZRNL,12.21246529
1246,image_01AAAAYU.jpg,1A051HFAK4JCZK,G9N9N,4.591803789
1247,image_01AAABKC.jpg,28101HFGN22BFB,GZRNL,13.38514304
1248,image_14092023143908.jpg,25231HFAK74F9V,G9N9N,4.664248705
1249,image_01AAABFD.jpg,13171HFAK2U5HD,G9N9N,5.203082323
1250,image_01AAAA20.jpg,29181HFGN2YHL2,GZRNL,13.25408673
1251,image_14092023103953.jpg,26011HFAK7B4SQ,G9N9N,4.405393362
1252,image_01AAAAZJ.jpg,26111QUH1004TK,G9N9N,4.074700117
1253,image_01AAAAXX.jpg,27221HFGN1STJW,GZRNL,13.06783819
1254,image_14092023100208.jpg,21201HFDD4LMH9,GZRNL,12.03016424
1255,image_01AAABE7.jpg,N/A,G9N9N,5.542080164
1256,image_01AAAAZP.jpg,28151HFAK8KL4V,G9N9N,4.911989927
1257,image_14092023105955.jpg,29231HFGN316VJ,GZRNL,11.91146255
1258,image_01AAAAUB.jpg,29081HFGN2TK2H,GZRNL,12.8468585
1259,image_14092023072130.jpg,29051HFDD7DBXL,GZRNL,11.8797574
1260,image_14092023074133.jpg,16151HFAK3DKD4,G9N9N,6.160702467
1261,image_14092023082756.jpg,25211HFAK73QMD,G9N9N,4.957616806
1262,image_01AAABD8.jpg,2B111HFGN3GTN7,GZRNL,12.43546391
1263,image_01AAABDX.jpg,28221HFAK8P0J1,G9N9N,4.432653666
1264,image_01AAABD6.jpg,28181HFGN25VUG,GZRNL,13.82948041
1265,image_14092023075214.jpg,25181HFAK71UAS,G9N9N,5.008383751
1266,image_14092023144608.jpg,27011HFAK7UVOV,G9N9N,6.539435625
1267,image_01AAAA3B.jpg,27111HFDD730WM,GZRNL,13.56135988
1268,image_01AAAAXT.jpg,27251HFGN1U8LE,GZRNL,13.28170228
1269,image_01AAAAUQ.jpg,28011HFAK8C56X,G9N9N,7.534699202
1270,image_01AAAAX2.jpg,27211HFGN1RQWE,GZRNL,12.39676595
1271,image_01AAAA5N.jpg,29271HFGN33E9K,GZRNL,14.87569666
1272,image_01AAAA1G.jpg,28271HFGN2B5PC,GZRNL,12.75630403
1273,image_01AAABK1.jpg,2B101HFGN3GNZG,GZRNL,14.60784912
1274,image_01AAAA7G.jpg,09211HFAK1J8IH,G9N9N,5.047350645
1275,image_14092023144045.jpg,25061QUH1000CZ,G9N9N,4.645793915
1276,image_01AAAA1A.jpg,29241HFGN31PZ7,GZRNL,14.82777452
1277,image_01AAABB7.jpg,27221HFAK87EFJ,G9N9N,4.575195074
1278,image_01AAABFS.jpg,2A141HFAK9BH8Z,G9N9N,3.456466436
1279,image_01AAABBA.jpg,29011HFGN2DKJM,GZRNL,13.42712474
1280,image_14092023082351.jpg,21041HFAK504CJ,G9N9N,4.405119419
1281,image_01AAABIH.jpg,28031HFAK8DXIJ,G9N9N,4.480596066
1282,image_01AAABLR.jpg,24051QUH1002MQ,G9N9N,3.257974863
1283,image_14092023144740.jpg,26171HFDD6MR6S,GZRNL,13.16820717
1284,image_01AAAAXE.jpg,22021HFDD4K702,GZRNL,12.22075152
1285,image_01AAAAXI.jpg,27271HFDD7508Q,GZRNL,13.17969012
1286,image_01AAABJF.jpg,22071HFAK617ZH,G9N9N,4.444364786
1287,image_14092023071552.jpg,27131HFAK82589,G9N9N,4.715917826
1288,image_01AAAA4M.jpg,28191QUH1003E4,G9N9N,5.01278615
1289,image_01AAAAUP.jpg,28161HFGN24WN7,GZRNL,12.66101861
1290,image_01AAAAR6.jpg,25061QUH1000CZ,G9N9N,3.984782457
1291,image_01AAAAT2.jpg,26141HFGN0V7D9,GZRNL,13.62850237
1292,image_01AAABDV.jpg,27251HFGN1TUFQ,GZRNL,12.11713195
1293,image_14092023062949.jpg,22031HFDD4F0R0,GZRNL,13.21013355
1294,image_14092023110015.jpg,N/A,G3AL9,1.266514063
1295,image_14092023064159.jpg,15081HFAK35VHK,G9N9N,4.843704939
1296,image_01AAABJU.jpg,28191HFGN26GEB,GZRNL,13.30518985
1297,image_01AAAA07.jpg,24151QUH11006Z,G9N9N,4.160604715
1298,image_14092023082611.jpg,29151HFDD7BR2X,GZRNL,12.81782579
1299,image_01AAAAYK.jpg,21131HFAK5S5L1,G9N9N,5.983207703
1300,image_01AAAA94.jpg,28191QUH11034M,G9N9N,3.844260693
1301,image_14092023151058.jpg,16221HFAK3G47B,G9N9N,5.027039289
1302,image_01AAAA3Q.jpg,25231HFAK74PAZ,G9N9N,4.544640064
1303,image_14092023073701.jpg,17211HFDD36H0H,GZRNL,13.31253743
1304,image_14092023080708.jpg,18211HFAK3XWXM,G9N9N,4.526287794
1305,image_01AAAA8E.jpg,29151HFDD7ATRG,GZRNL,13.3787992
1306,image_01AAAA6B.jpg,29261HFGN32Q3Y,GZRNL,12.05350327
1307,image_01AAAA9G.jpg,25301HFDD6CKTL,GZRNL,12.6796205
1308,image_14092023092951.jpg,19301HFAK4FD33,G9N9N,4.626489639
1309,image_14092023145559.jpg,26161HFDD6NQQK,GZRNL,12.05288363
1310,image_01AAAA7A.jpg,28191QUH1103M8,G9N9N,5.24688673
1311,image_14092023080539.jpg,1B161HFAK54RKH,G9N9N,4.296710253
1312,image_14092023064411.jpg,N/A,G9N9N,4.599414349
1313,image_14092023071655.jpg,23071HFAK6AP22,G9N9N,4.896228552
1314,image_14092023092530.jpg,1C181HFAK5ITJQ,G9N9N,5.256464958
1315,image_01AAABL9.jpg,29301HFGN35BF1,GZRNL,12.89877391
1316,image_01AAABC7.jpg,28011HFAK8C301,G9N9N,3.425956011
1317,image_14092023090841.jpg,22021HFDD4RWN2,GZRNL,12.92497349
1318,image_14092023084625.jpg,28261HFAK8S192,G9N9N,4.927935839
1319,image_01AAABMO.jpg,29081HFGN2H0GP,GZRNL,13.1212225
1320,image_01AAAATE.jpg,28241HFGN294MB,GZRNL,12.40839219
1321,image_01AAAA98.jpg,27131HFAK81GJD,G9N9N,4.728126526
1322,image_14092023091504.jpg,17211HFDD3K00X,GZRNL,12.98745894
1323,image_01AAABKG.jpg,29131HFGN2VRNM,GZRNL,12.12900424
1324,image_14092023100150.jpg,21061HFAK5POJL,G9N9N,5.993931532
1325,image_01AAABH6.jpg,28231HFAK8PW08,G9N9N,4.332130432
1326,image_14092023092053.jpg,29051HFAK8YHOG,G9N9N,4.934521675
1327,image_01AAABEC.jpg,26271HFGN121H2,GZRNL,13.50990891
1328,image_01AAAAU1.jpg,26241HFDD6SX3A,GZRNL,12.08144236
1329,image_14092023080151.jpg,N/A,G9N9N,4.975757599
1330,image_14092023061257.jpg,21281HFDD4KFTY,GZRNL,12.7364943
1331,image_14092023104124.jpg,25181HFAK71USU,G9N9N,4.993995667
1332,image_14092023103822.jpg,29151HFDD7PFNU,GZRNL,13.05304313
1333,image_14092023104002.jpg,26171HFDD6UMTF,GZRNL,12.16885161
1334,image_14092023071812.jpg,26171HFDD6NXF7,GZRNL,12.91635323
1335,image_01AAAA5F.jpg,29171HFGN2YEZQ,GZRNL,12.22108984
1336,image_14092023085131.jpg,16111HFAK3CCGL,G9N9N,5.829144239
1337,image_01AAAA1D.jpg,24121QUH1001H1,G9N9N,3.905529261
1338,image_01AAAA22.jpg,29261HFGN32MJP,GZRNL,12.39172721
1339,image_14092023102945.jpg,N/A,G9N9N,1.032670736
1340,image_01AAAAR5.jpg,25061QUH1000CZ,G9N9N,5.773520708
1341,image_01AAAAW1.jpg,26241HFDD6KLZQ,GZRNL,11.90540409
1342,image_01AAABHE.jpg,27091HFAK7ZG8Z,G9N9N,3.593144894
1343,image_01AAABFU.jpg,1C201HFAK5JHD7,G9N9N,3.434121132
1344,image_01AAAAWN.jpg,27011HFAK7US0Q,G9N9N,6.191464901
1345,image_14092023062251.jpg,26221HFDD6WARC,GZRNL,12.01367807
1346,image_01AAABIB.jpg,N/A,G9N9N,1.009568214
1347,image_01AAABEA.jpg,29101HFGN2UKE6,GZRNL,13.60126042
1348,image_14092023105725.jpg,N/A,N/A,11.2100389
1349,image_01AAABJ2.jpg,29081HFGN2H1H1,GZRNL,13.74650431
1350,image_01AAABDD.jpg,27121HFAK81D39,G9N9N,3.531907558
1351,image_01AAAA78.jpg,27121HFDD6ZZ0C,GZRNL,12.25453782
1352,image_01AAABFG.jpg,29221HFDD7QSKE,GZRNL,12.50177574
1353,image_01AAAAS4.jpg,27201HFGN1R9GY,GZRNL,13.32840705
1354,image_01AAABH5.jpg,27231HFGN1T30T,GZRNL,11.96341038
1355,image_14092023151356.jpg,27121HFDD79MKS,GZRNL,13.75522923
1356,image_01AAABDL.jpg,27191HFAK84VNM,G9N9N,3.403656721
1357,image_01AAAA91.jpg,29191HFGN2YVXV,GZRNL,12.19914627
1358,image_01AAAA4E.jpg,29171HFGN2YES7,GZRNL,13.21827865
1359,image_14092023071603.jpg,N/A,GZRNL,12.16665077
1360,image_14092023071217.jpg,15171HFAK37M1R,G9N9N,5.791493654
1361,image_01AAAA2B.jpg,25071QUH110121,G9N9N,4.359977007
1362,image_14092023071804.jpg,25231HFAK747FO,G9N9N,5.091449738
1363,image_14092023064106.jpg,26241HFDD6RZHT,GZRNL,12.93640161
1364,image_01AAABH7.jpg,28291HFGN2BT3V,GZRNL,11.81825972
1365,image_01AAAA1T.jpg,18261HFAK4040R,G9N9N,4.7009027
1366,image_01AAAAU5.jpg,25191HFDD5H3QZ,GZRNL,13.27718568
1367,image_01AAAAS7.jpg,2A061HFGN37ZQL,GZRNL,12.59919
1368,image_14092023061616.jpg,25281HFAK78M83,G9N9N,5.575251341
1369,image_01AAAA0Z.jpg,25101QUH1103KU,G9N9N,4.989079952
1370,image_01AAABCQ.jpg,17101HFDD2DHEN,GZRNL,13.05325365
1371,image_01AAAAR1.jpg,3129HT002IE,GJ2CQ,21.67645502
1372,image_14092023092845.jpg,29201HFDD7CAVE,GZRNL,14.18399954
1373,image_01AAAAUW.jpg,1C201HFAK5JA1G,G9N9N,5.611979723
1374,image_14092023144107.jpg,26091HFDD6ADNU,GZRNL,14.4564054
1375,image_01AAABCE.jpg,28291HFGN2BS30,GZRNL,12.48256993
1376,image_14092023073401.jpg,29011HFAK8WLX5,G9N9N,5.206828833
1377,image_01AAAAVZ.jpg,27261HFDD6YBKR,GZRNL,13.28775334
1378,image_01AAAAWX.jpg,24081HFAK6MSZQ,G9N9N,4.896302223
1379,image_01AAAASO.jpg,28251HFAK8RSMP,G9N9N,5.205213308
1380,image_14092023090022.jpg,26171HFDD6S51Y,GZRNL,13.36394715
1381,image_01AAABA7.jpg,15171HFAK37IVO,G9N9N,5.07895422
1382,image_01AAAA82.jpg,26221HFDD6RMY4,GZRNL,13.69573808
1383,image_01AAAA80.jpg,25301HFDD6EN0K,GZRNL,12.51686835
1384,image_01AAABMC.jpg,28181HFGN25ZSB,GZRNL,13.80829978
1385,image_14092023092410.jpg,16231HFAK3GOPM,G9N9N,5.187958002
1386,image_01AAAA4Y.jpg,25111QUH100BAL,G9N9N,4.377652168
1387,image_14092023145157.jpg,N/A,GZRNL,13.65123844
1388,image_01AAABI0.jpg,27231HFGN1SXFA,GZRNL,12.97343302
1389,image_01AAAA1C.jpg,29241HFGN31Q8X,GZRNL,13.0639317
1390,image_14092023150946.jpg,27041HFDD786TG,GZRNL,14.04486871
1391,image_01AAABIK.jpg,26301HFGN13ZA6,GZRNL,12.66290998
1392,image_01AAABF0.jpg,26081HFDD6CHJ6,GZRNL,14.50912213
1393,image_14092023061510.jpg,25211HFAK74307,G9N9N,5.295564175
1394,image_01AAAA26.jpg,29201HFGN2ZG92,GZRNL,13.04234362
1395,image_14092023083823.jpg,1C031HFDD41537,GZRNL,13.41434407
1396,image_01AAAAW7.jpg,21171HFDD4UVER,GZRNL,13.11665368
1397,image_01AAABJG.jpg,26291HFGN133SZ,GZRNL,12.00374818
1398,image_01AAABBP.jpg,29161QUH1106DP,G9N9N,4.675854445
1399,image_01AAABLL.jpg,27121HFAK815A5,G9N9N,6.285951376
1400,image_01AAABA5.jpg,27191HFAK85MQ4,G9N9N,5.334118843
1401,image_01AAABEG.jpg,2A121HFGN3ARBN,GZRNL,12.79971075
1402,image_14092023082900.jpg,N/A,G9N9N,4.804181814
1403,image_14092023105742.jpg,N/A,N/A,1.797123432
1404,image_01AAABK2.jpg,27051HFAK7XA82,G9N9N,4.708685875
1405,image_01AAABLM.jpg,29021HFGN2E2FF,GZRNL,12.31301808
1406,image_01AAAAXB.jpg,12241HFDD1RCER,GZRNL,13.58300495
1407,image_01AAAAR8.jpg,25061QUH1000CZ,G9N9N,4.076298952
1408,image_01AAABI6.jpg,27211HFGN1S071,GZRNL,12.31557512
1409,image_01AAAA2F.jpg,N/A,G9N9N,3.088915348
1410,image_14092023084325.jpg,26171HFDD6UB1K,GZRNL,12.94032431
1411,image_01AAABGV.jpg,22091HFDD5F264,GZRNL,13.3046484
1412,image_01AAAA4W.jpg,25101QUH10005Z,G9N9N,4.0316751
1413,image_01AAAA6W.jpg,27011QUH1000L3,G9N9N,4.801201582
1414,image_01AAAA41.jpg,2A031HFGN36788,GZRNL,14.29076457
1415,image_14092023084410.jpg,28271HFAK8TN8V,G9N9N,5.081509829
1416,image_14092023091122.jpg,21061HFAK5PJ6Z,G9N9N,4.855328083
1417,image_01AAABLP.jpg,2A261QUH1A00V6,G9N9N,4.990139723
1418,image_01AAABCV.jpg,28291QUH1003SW,G9N9N,3.551625729
1419,image_01AAAA8N.jpg,27011HFAK7UT0Z,G9N9N,7.324155331
1420,image_14092023092448.jpg,17221HFDD371SN,GZRNL,13.01249981
1421,image_01AAAAZS.jpg,29231HFGN31MJ1,GZRNL,14.98944545
1422,image_01AAABKL.jpg,25131QUH11019I,G9N9N,3.091907501
1423,image_01AAABIC.jpg,2C281HFGN52CHK,GZRNL,12.39886951
1424,image_01AAAAZB.jpg,27161HFAK83OGB,G9N9N,6.109842539
1425,image_14092023075236.jpg,26171HFDD6WLFW,GZRNL,12.52465916
1426,image_01AAAAY3.jpg,27161HFAK83SD4,G9N9N,5.396102428
1427,image_01AAABG7.jpg,29081HFGN2H3K4,GZRNL,14.15000558
1428,image_01AAAA6H.jpg,29211HFGN304PZ,GZRNL,12.44100571
1429,image_01AAAA9K.jpg,29201HFDD7DAM7,GZRNL,13.93919826
1430,image_01AAAAXP.jpg,29021HFDD7GA95,GZRNL,11.82336354
1431,image_14092023064746.jpg,26161HFAK7KHFK,G9N9N,5.874023676
1432,image_01AAABAX.jpg,26201HFGN0Y0JV,GZRNL,12.16676831
1433,image_01AAAAZU.jpg,28031HFGN1Y8QQ,GZRNL,13.51588726
1434,image_01AAAA8X.jpg,26291HFAK7U6CW,G9N9N,4.77180624
1435,image_14092023072245.jpg,1C181HFAK5IOSG,G9N9N,4.743173361
1436,image_01AAAA2Y.jpg,29201HFGN2ZC47,GZRNL,14.19445515
1437,image_01AAABFM.jpg,25211HFDD5SN5J,GZRNL,12.89486718
1438,image_01AAAAYJ.jpg,25191HFDD5Q4A9,GZRNL,13.74111342
1439,image_01AAAA42.jpg,25101QUH1006HQ,G9N9N,4.365558863
1440,image_01AAABG2.jpg,28241HFGN28XL1,GZRNL,14.28937101
1441,image_01AAABLF.jpg,29081HFGN2H44Z,GZRNL,12.26565218
1442,image_01AAAAVH.jpg,N/A,G9N9N,4.919596672
1443,image_01AAABL7.jpg,2B091HFGN3GEZE,GZRNL,13.65388298
1444,image_01AAABEB.jpg,22101HFAK62T21,G9N9N,4.665181875
1445,image_01AAAA6C.jpg,29061HFAK8YUML,G9N9N,4.817129135
1446,image_14092023083434.jpg,28301HFAK8V73D,G9N9N,6.310214758
1447,image_14092023085929.jpg,29201HFDD7JYV2,GZRNL,11.98136306
1448,image_01AAAAXJ.jpg,26161HFDD6PHFF,GZRNL,13.08320284
1449,image_01AAAA7K.jpg,24051HFAK6LQS6,G9N9N,4.85199523
1450,image_01AAAAW8.jpg,21171HFDD4UVER,GZRNL,12.1272397
1451,image_14092023095744.jpg,26181HFAK7MCU1,G9N9N,6.191218853
1452,image_01AAAAU8.jpg,26201HFAK7NQ5X,G9N9N,4.666661263
1453,image_01AAAASY.jpg,27211HFGN1RV2Z,GZRNL,12.24488735
1454,image_01AAAAYA.jpg,28271HFAK8TUPX,G9N9N,5.075166702
1455,image_01AAAAZI.jpg,2C021HFGN3HZ6R,GZRNL,12.44501972
1456,image_01AAAAY9.jpg,N/A,G9N9N,4.651764393
1457,image_01AAAAWU.jpg,27271HFDD773QG,GZRNL,13.5407486
1458,image_14092023082715.jpg,17201HFDD30D7Y,GZRNL,12.38265634
1459,image_01AAABK7.jpg,28301HFGN2C4XN,GZRNL,13.17954969
1460,image_01AAABBW.jpg,2A201HFGN3E23X,GZRNL,12.21470022
1461,image_01AAAA39.jpg,27251HFDD77ECZ,GZRNL,12.86974812
1462,image_14092023151109.jpg,17211HFDD36YHL,GZRNL,13.13916039
1463,image_01AAAAVB.jpg,28251HFDD7LA7T,GZRNL,11.85158587
1464,image_01AAABIF.jpg,24291QUH1002PA,G9N9N,2.979309082
1465,image_01AAABKM.jpg,29091HFGN2TN4B,GZRNL,13.2725122
1466,image_01AAAA32.jpg,23071HFAK6ALCS,G9N9N,4.523053646
1467,image_14092023080017.jpg,16151HFAK3DMM2,G9N9N,4.584284782
1468,image_01AAABJR.jpg,25131QUH100491,G9N9N,3.201377869
1469,image_01AAABK8.jpg,27161HFAK83N7W,G9N9N,4.421534061
1470,image_01AAABCT.jpg,28271HFAK8TY52,G9N9N,5.207322121
1471,image_01AAAA8C.jpg,27041HFDD72ZU1,GZRNL,12.05451608
1472,image_01AAAAWO.jpg,27141HFDD78PXD,GZRNL,13.54164958
1473,image_01AAAA2Q.jpg,29171HFGN2YGT9,GZRNL,12.02409458
1474,image_01AAAAUH.jpg,28101HFGN22GNH,GZRNL,13.23434877
1475,image_14092023075519.jpg,1C211HFAK5JZD9,G9N9N,4.77226305
1476,image_01AAAA3D.jpg,27121HFDD71HQE,GZRNL,13.53401351
1477,image_01AAAAS3.jpg,N/A,G9N9N,4.412088871
1478,image_01AAAA3H.jpg,27251HFDD7390F,GZRNL,12.38179421
1479,image_14092023090634.jpg,17211HFDD37UEU,GZRNL,13.52310014
1480,image_01AAAA3C.jpg,26201HFAK7NCTA,G9N9N,4.455599308
1481,image_01AAABBQ.jpg,2A201HFGN3E0K9,GZRNL,13.79139447
1482,image_01AAAA04.jpg,29231HFGN31MCW,GZRNL,12.08303475
1483,image_01AAAA0P.jpg,27251HFGN1U73D,GZRNL,13.53872609
1484,image_01AAABHA.jpg,27051HFAK7XC2R,G9N9N,3.286895752
1485,image_01AAAATY.jpg,27111HFAK80ZH4,G9N9N,4.804302931
1486,image_01AAABID.jpg,27081HFAK7Z4TN,G9N9N,3.528638124
1487,image_14092023105812.jpg,25061QUH1000CZ,G9N9N,3.01031661
1488,image_01AAABHT.jpg,27211HFGN1RS6N,GZRNL,13.20353699
1489,image_14092023104303.jpg,25231HFAK74G9L,G9N9N,4.416144371
1490,image_14092023062237.jpg,19031HFAK44PJ8,G9N9N,5.039755583
1491,image_01AAABGB.jpg,2B101HFGN3GJ0Q,GZRNL,13.31883049
1492,image_01AAAA0H.jpg,29211HFGN301FL,GZRNL,12.29600024
1493,image_01AAABGU.jpg,22091HFDD5AJZD,GZRNL,13.13673878
1494,image_01AAAAVL.jpg,1C201HFAK5J5L5,G9N9N,4.776088953
1495,image_01AAABGK.jpg,24291QUH1000RO,G9N9N,4.374367714
1496,image_01AAAAV5.jpg,26031HFAK7CN6X,G9N9N,5.88164711
1497,image_01AAAAWT.jpg,27201HFAK86HRT,G9N9N,5.532792807
1498,image_14092023073241.jpg,22021HFDD4NLKE,GZRNL,12.09270453
1499,image_14092023144222.jpg,28191QUH1003CU,G9N9N,4.917599678
1500,image_01AAAA7R.jpg,27041HFDD72JKZ,GZRNL,13.12513924
1501,image_14092023084921.jpg,1C211HFAK5JZG5,G9N9N,4.616374493
1502,image_14092023105050.jpg,25231HFAK74DJX,G9N9N,4.704351425
1503,image_14092023071241.jpg,17141HFDD3DUXV,GZRNL,13.75261664
1504,image_01AAAASC.jpg,2A061HFGN37ZP5,GZRNL,12.09159589
1505,image_01AAAA8U.jpg,25301HFDD6AB4F,GZRNL,12.62783313
1506,image_01AAAA75.jpg,27011HFAK7V2ZQ,G9N9N,4.669266939
1507,image_01AAABMF.jpg,28241HFGN299Y4,GZRNL,13.49452019
1508,image_01AAAAVF.jpg,22181HFDD5D58Y,GZRNL,12.1969192
1509,image_01AAAA1Z.jpg,28191QUH1100AI,G9N9N,5.408203602
1510,image_01AAAA9D.jpg,25301HFDD6DD6Q,GZRNL,12.32738519
1511,image_14092023101432.jpg,26161HFDD6TU5G,GZRNL,13.34967208
1512,image_01AAAAXO.jpg,22021HFAK5YYQU,G9N9N,4.921102285
1513,image_14092023074925.jpg,22021HFDD4SRPX,GZRNL,12.23943925
1514,image_01AAAA2Z.jpg,23281QUH10012T,G9N9N,5.715306997
1515,image_01AAABAJ.jpg,2A011HFGN35XEE,GZRNL,12.69638371
1516,image_01AAAA9N.jpg,25261HFDD6CBYE,GZRNL,12.6012876
1517,image_14092023072118.jpg,28271HFAK8TOWS,G9N9N,4.732817173
1518,image_01AAAA43.jpg,29201HFGN2ZB8Y,GZRNL,12.57436061
1519,image_01AAAA3J.jpg,22181HFDD5AJ6Z,GZRNL,14.34446645
1520,image_01AAAA6O.jpg,28151HFAK8L6MM,G9N9N,5.057433367
1521,image_01AAAAUO.jpg,1B191HFAK56KLP,G9N9N,4.81705904
1522,image_14092023103003.jpg,28191QUH1003CU,G9N9N,5.718286991
1523,image_01AAABJ8.jpg,N/A,GZRNL,13.0182569
1524,image_01AAAAVI.jpg,21111HFDD4VQ7M,GZRNL,13.9900136
1525,image_14092023150805.jpg,29011HFAK8WJ2T,G9N9N,5.07717824
1526,image_01AAAA8G.jpg,27051HFDD75EUS,GZRNL,12.98944283
1527,image_01AAABGH.jpg,2B021HFDD89TLT,GZRNL,13.50320768
1528,image_14092023151711.jpg,N/A,G9N9N,2.407204866
1529,image_01AAAAVW.jpg,27191HFAK84M8I,G9N9N,5.373369694
1530,image_14092023082401.jpg,21201HFDD4QZ6K,GZRNL,14.37549949
1531,image_14092023061355.jpg,1A091HFAK4N7SJ,G9N9N,5.060041666
1532,image_01AAAAWA.jpg,26241HFDD6Q86A,GZRNL,14.08403254
1533,image_01AAABGD.jpg,19141HFDD47CHC,GZRNL,12.66030264
1534,image_14092023063605.jpg,26241HFDD6XFX9,GZRNL,13.98731375
1535,image_01AAAATW.jpg,28101HFGN22HB1,GZRNL,12.55900526
1536,image_01AAAATC.jpg,28241HFGN294MB,GZRNL,14.09821129
1537,image_01AAABHJ.jpg,28181HFGN25RWH,GZRNL,12.20014787
1538,image_01AAABF3.jpg,29051HFAK8YEX9,G9N9N,6.369934797
1539,image_01AAAAXF.jpg,25311HFAK7A3YQ,G9N9N,5.267543554
1540,image_01AAAAW9.jpg,26171HFDD6V0UV,GZRNL,12.25650334
1541,image_14092023102444.jpg,26161HFDD6SXP9,GZRNL,13.96179533
1542,image_14092023075736.jpg,1B181HFAK55NHK,G9N9N,5.309388161
1543,image_01AAAA73.jpg,29151HFDD7HPVZ,GZRNL,13.67947793
1544,image_01AAABE2.jpg,27221HFGN1SD40,GZRNL,12.84901333
1545,image_01AAABHR.jpg,28191HFGN26GH1,GZRNL,13.839468